sale_id,customer_id,product_id,quantity,sale_date,total_amount,region
1,25,26,10,2025-09-29,24749.76,Virginia
2,452,432,16,2024-05-24,14294.56,Nevada
3,5,434,4,2025-10-05,21552.08,Massachusetts
4,452,136,12,2024-04-11,38195.2,North Dakota
5,188,24,13,2025-08-14,2567.37,South Carolina
6,288,100,12,2024-09-04,27665.61,Florida
7,38,198,17,2025-10-14,22523.22,Oregon
8,282,144,20,2025-04-14,34023.13,North Dakota
9,61,66,4,2025-11-10,19701.25,New York
10,407,174,18,2025-04-08,46948.04,Idaho
11,387,74,7,2025-10-06,30127.12,Iowa
12,206,257,2,2024-05-29,2274.71,Illinois
13,71,366,11,2023-03-07,40200.25,Delaware
14,266,234,5,2023-04-11,30316.96,New Jersey
15,264,72,11,2025-10-31,46569.12,Delaware
16,164,84,13,2024-01-21,49530.88,South Carolina
17,379,432,10,2024-12-08,29690.3,Nebraska
18,260,425,17,2023-05-14,26621.67,Michigan
19,363,289,10,2024-08-29,23749.88,Oklahoma
20,9,189,11,2025-11-19,33693.58,Indiana
21,214,299,10,2023-03-22,39839.77,South Dakota
22,372,447,1,2024-01-11,29849.51,Vermont
23,136,496,19,2024-05-15,28885.94,Kentucky
24,370,27,19,2023-06-18,24027.63,Maryland
25,269,323,20,2024-06-13,38732.56,North Carolina
26,195,76,8,2025-07-06,1588.21,Massachusetts
27,486,359,4,2023-03-14,9547.31,Delaware
28,226,161,14,2026-02-02,7580.05,Michigan
29,354,105,14,2024-08-16,25095.96,Montana
30,314,472,16,2025-08-04,43642.16,South Carolina
31,377,373,2,2023-04-19,35291.7,Idaho
32,266,107,18,2023-12-31,16259.23,Michigan
33,340,245,17,2024-08-10,18847.47,Utah
34,490,89,15,2025-03-18,45607.09,New Mexico
35,176,280,12,2023-04-29,33796.67,Tennessee
36,445,370,9,2023-10-01,30507.73,New Mexico
37,99,491,8,2023-11-01,13957.53,South Dakota
38,153,116,10,2025-02-17,38561.0,Ohio
39,361,107,16,2024-08-06,15858.87,New Jersey
40,179,287,9,2024-12-07,14396.59,West Virginia
41,294,347,18,2023-05-31,18990.91,North Dakota
42,203,420,12,2024-06-12,47730.9,Oregon
43,412,75,10,2026-01-21,2112.9,Massachusetts
44,490,366,3,2025-07-14,17324.71,Ohio
45,227,336,9,2023-04-03,37369.45,Indiana
46,110,104,18,2025-08-17,13563.92,Utah
47,288,357,9,2024-08-01,6872.28,Minnesota
48,316,380,19,2023-06-15,11971.71,Georgia
49,26,343,17,2024-05-13,11291.33,Alaska
50,120,27,4,2024-08-12,20670.94,Missouri
51,368,242,4,2025-11-02,34062.79,Ohio
52,71,3,18,2023-11-17,48895.76,Oregon
53,81,209,16,2025-09-30,23877.65,Missouri
54,103,388,10,2023-12-21,16065.17,Rhode Island
55,331,31,3,2023-09-02,32618.41,Wisconsin
56,119,274,2,2024-06-25,45662.35,Virginia
57,90,214,6,2024-07-05,46696.79,Virginia
58,19,429,13,2023-04-23,39400.15,Louisiana
59,96,480,10,2024-12-06,43838.39,Colorado
60,5,153,19,2025-04-15,30143.12,Kansas
61,476,172,10,2024-10-02,22722.91,New Hampshire
62,329,279,17,2024-06-17,24700.68,Indiana
63,481,69,17,2025-05-28,23406.36,Maryland
64,99,415,4,2023-12-01,16540.9,Delaware
65,375,235,9,2024-10-06,35932.72,Arizona
66,8,378,11,2024-01-12,39540.48,Colorado
67,291,346,7,2025-01-22,8782.99,North Carolina
68,439,328,13,2023-04-12,41351.22,New Mexico
69,264,168,3,2025-04-19,20047.65,Georgia
70,49,95,5,2023-12-25,23877.93,Michigan
71,480,128,1,2025-03-25,13046.66,Washington
72,121,229,9,2025-05-26,47702.2,Maryland
73,155,299,19,2024-07-25,581.67,Georgia
74,335,185,8,2023-08-04,3115.6,North Dakota
75,61,239,10,2026-01-19,7994.24,Florida
76,352,258,10,2024-01-17,34517.62,Washington
77,328,470,10,2023-04-30,18383.52,New Jersey
78,114,113,5,2024-10-27,23914.31,Virginia
79,233,383,20,2025-05-24,18687.51,Delaware
80,360,282,16,2023-03-11,37869.95,Maryland
81,411,341,7,2023-05-12,38095.36,Utah
82,349,387,20,2025-09-13,43658.02,Colorado
83,42,270,15,2024-08-03,26413.37,New Jersey
84,186,40,19,2023-05-15,5619.32,Connecticut
85,425,281,17,2025-05-21,10115.82,Wyoming
86,275,77,6,2025-12-22,16412.6,West Virginia
87,267,227,4,2024-07-02,34017.96,Alaska
88,368,299,16,2025-08-18,4556.17,Wisconsin
89,262,229,2,2024-07-01,22677.08,South Dakota
90,263,213,15,2024-01-24,28199.92,Massachusetts
91,287,237,10,2024-01-10,36166.77,Illinois
92,203,131,1,2024-05-23,37292.77,Louisiana
93,297,38,2,2025-06-08,21190.63,Massachusetts
94,359,33,18,2025-01-18,49706.24,Texas
95,479,458,3,2023-09-03,49307.0,Louisiana
96,242,17,10,2023-10-22,20449.26,Hawaii
97,394,70,14,2024-05-03,18729.3,Delaware
98,457,196,15,2023-03-28,43482.32,South Carolina
99,465,194,13,2025-07-21,4021.7,North Carolina
100,494,339,18,2023-08-11,6658.16,Indiana
101,441,179,4,2025-06-24,8931.9,Minnesota
102,276,202,17,2025-07-05,6376.08,Massachusetts
103,115,428,1,2024-04-29,37811.41,Georgia
104,153,238,18,2026-03-03,21212.16,Maine
105,195,422,8,2025-08-12,12383.13,Kansas
106,178,80,9,2023-11-26,9432.14,California
107,449,372,4,2024-06-30,1620.54,South Carolina
108,339,215,20,2024-08-12,38305.01,Ohio
109,453,456,1,2025-01-22,12040.91,Arkansas
110,35,52,20,2023-09-23,1688.48,Alaska
111,307,345,2,2025-03-05,12244.26,Utah
112,23,206,15,2023-05-22,11724.62,Connecticut
113,112,387,2,2024-10-20,7015.38,Arkansas
114,149,120,19,2023-07-16,15952.0,Nevada
115,307,396,11,2024-11-02,11852.83,Idaho
116,449,74,17,2026-03-03,11059.93,Rhode Island
117,154,141,2,2025-09-10,27840.34,South Dakota
118,303,451,6,2026-02-09,31303.4,Vermont
119,219,285,16,2025-01-25,2353.74,South Carolina
120,177,483,13,2024-09-07,39292.37,Maryland
121,164,357,14,2024-08-02,20418.88,Illinois
122,154,193,6,2026-01-10,37723.26,Ohio
123,243,124,8,2023-07-05,15043.81,Wisconsin
124,363,74,15,2025-02-25,45737.91,Oregon
125,288,212,14,2023-09-25,27868.77,Colorado
126,69,199,8,2026-02-22,12757.23,New Jersey
127,170,332,3,2023-08-03,46112.08,New Jersey
128,434,190,3,2024-06-29,26786.42,Utah
129,425,98,2,2025-11-30,13430.39,Virginia
130,345,310,20,2025-02-24,1986.98,New Mexico
131,38,97,19,2024-02-27,36218.02,Iowa
132,287,112,16,2023-10-14,10452.37,South Carolina
133,465,171,10,2024-04-08,47851.42,Mississippi
134,8,109,7,2024-11-03,48104.26,Idaho
135,61,383,16,2026-02-23,45722.92,Texas
136,357,310,7,2024-07-30,19837.64,Massachusetts
137,123,283,11,2025-02-06,38777.94,New York
138,195,239,18,2023-04-21,32439.58,California
139,158,134,12,2025-03-12,25645.7,Delaware
140,255,239,4,2024-08-31,40142.8,New Mexico
141,370,241,11,2025-02-18,45717.38,Hawaii
142,190,161,14,2024-05-16,2295.32,Wyoming
143,443,114,5,2024-08-27,820.83,Rhode Island
144,284,479,19,2025-08-13,28961.35,Florida
145,214,152,5,2025-05-02,9817.63,Connecticut
146,118,195,19,2024-11-24,41669.8,Virginia
147,256,282,11,2023-08-18,12873.76,Massachusetts
148,421,251,16,2025-07-15,23046.84,Tennessee
149,376,408,12,2023-06-23,8471.59,Maryland
150,369,280,16,2025-06-09,9210.55,New Jersey
151,456,278,2,2024-11-16,26201.98,Pennsylvania
152,430,434,3,2024-12-06,47259.95,Kansas
153,343,25,1,2025-10-24,20625.49,Kansas
154,432,323,8,2025-07-03,3407.72,Hawaii
155,78,5,7,2025-03-23,25291.59,Missouri
156,192,31,20,2023-06-15,31890.05,Michigan
157,479,316,16,2024-01-22,32967.62,Vermont
158,9,4,18,2025-09-08,27586.66,Nevada
159,7,9,17,2025-01-09,36112.41,Oregon
160,275,147,1,2024-08-17,25115.78,Ohio
161,358,346,14,2026-02-15,40310.32,Kansas
162,466,92,4,2023-11-28,45903.26,Texas
163,269,77,8,2026-01-08,9604.68,California
164,270,130,12,2025-08-12,13373.56,New York
165,204,41,12,2023-08-29,47965.3,Pennsylvania
166,236,290,8,2025-09-15,49511.75,New Jersey
167,116,154,3,2024-07-22,32690.25,Oklahoma
168,440,333,2,2023-08-03,4684.09,New Hampshire
169,195,194,18,2023-12-03,23805.49,Maryland
170,327,5,6,2024-11-24,4143.48,California
171,433,223,11,2025-09-19,28297.17,Connecticut
172,440,499,4,2026-02-01,44740.61,Rhode Island
173,471,22,8,2024-10-13,10578.74,Massachusetts
174,445,355,19,2025-04-10,23780.26,Tennessee
175,24,474,3,2025-12-24,34224.59,Arkansas
176,144,461,18,2023-07-23,28179.86,Indiana
177,17,92,11,2023-10-06,792.75,Pennsylvania
178,107,301,5,2025-11-17,37615.2,Alabama
179,365,421,13,2023-10-18,46444.46,Texas
180,154,84,19,2023-10-22,12031.2,New Hampshire
181,428,435,13,2025-06-07,33854.98,Maine
182,277,170,13,2024-10-30,37782.91,South Carolina
183,72,405,3,2025-08-18,25044.63,New Hampshire
184,499,178,2,2024-01-02,4893.31,Indiana
185,119,430,3,2026-01-26,17036.23,Massachusetts
186,394,315,20,2024-06-12,19841.19,Oregon
187,397,168,1,2026-01-23,31709.81,Maryland
188,402,231,16,2025-01-08,11414.64,Virginia
189,284,482,13,2024-08-20,21598.08,Colorado
190,349,300,13,2025-08-26,4293.85,Alabama
191,317,152,8,2025-10-09,35658.3,North Carolina
192,43,138,5,2024-11-21,19006.2,Florida
193,402,325,5,2024-06-03,36985.37,Arkansas
194,163,185,4,2024-09-28,4585.11,Oklahoma
195,483,158,15,2023-05-26,18002.28,Alabama
196,139,53,5,2026-03-01,4373.99,Oklahoma
197,221,230,18,2024-09-13,27741.45,Delaware
198,209,53,1,2024-05-16,4490.05,Alaska
199,284,48,20,2024-03-04,29906.21,Nevada
200,167,443,13,2026-02-27,626.91,Pennsylvania
201,212,199,3,2024-11-06,36244.94,South Dakota
202,287,464,8,2024-07-11,28602.3,Virginia
203,87,351,13,2024-10-19,8483.39,Montana
204,138,155,9,2024-10-17,24661.27,Nevada
205,33,86,14,2025-06-28,13805.33,Indiana
206,154,248,3,2025-12-28,18062.63,Idaho
207,484,127,16,2025-03-11,29694.38,Florida
208,101,235,4,2023-12-22,6783.12,Oklahoma
209,4,486,13,2024-10-22,16617.54,Mississippi
210,318,195,11,2024-12-12,22016.74,Georgia
211,221,418,20,2024-05-26,6814.86,Texas
212,165,309,7,2023-09-16,23955.7,Florida
213,91,494,13,2023-03-23,48436.57,California
214,150,377,16,2025-12-06,48388.48,Alaska
215,401,125,11,2023-10-14,18809.0,Washington
216,419,403,13,2025-03-30,18257.13,Texas
217,478,289,7,2025-01-11,29615.43,Florida
218,280,93,18,2023-07-14,1355.54,Florida
219,373,237,7,2025-11-26,21928.36,Nebraska
220,150,426,3,2025-02-10,40950.09,Vermont
221,408,408,14,2025-09-28,33652.15,Nevada
222,72,325,10,2025-10-28,12108.64,Idaho
223,338,79,14,2025-02-07,39455.95,North Carolina
224,38,230,20,2024-12-22,23966.94,Oklahoma
225,206,274,17,2025-02-01,46175.55,Missouri
226,446,355,14,2024-09-06,27186.82,Iowa
227,405,496,12,2023-12-18,35084.7,Nevada
228,416,275,20,2025-09-29,31912.64,Alabama
229,44,56,8,2025-08-18,32883.51,New York
230,182,86,20,2024-03-06,2224.39,Virginia
231,331,347,13,2025-04-22,48340.89,Louisiana
232,170,495,14,2024-12-02,5306.17,Ohio
233,51,133,8,2025-08-16,25538.71,Mississippi
234,266,286,19,2023-04-25,34386.34,Arizona
235,114,229,12,2025-08-03,19562.8,New Mexico
236,396,348,19,2026-03-03,34524.96,Mississippi
237,78,177,1,2023-08-27,24143.73,Pennsylvania
238,152,213,3,2025-03-22,5812.31,Vermont
239,482,374,5,2023-07-07,17422.95,Georgia
240,176,234,7,2025-05-30,26060.53,Wisconsin
241,179,244,4,2024-05-12,21913.92,New Jersey
242,357,232,11,2025-05-16,3368.05,Colorado
243,23,415,4,2025-05-26,1139.03,South Carolina
244,176,332,4,2023-07-20,33860.2,Kansas
245,85,477,8,2025-03-07,25804.54,South Dakota
246,283,82,11,2025-12-30,27996.85,Texas
247,491,237,8,2023-07-04,39889.81,Utah
248,323,95,6,2025-11-13,32027.54,Ohio
249,222,203,1,2025-08-21,36872.04,Maryland
250,453,102,15,2025-10-12,29614.24,Arkansas
251,200,3,7,2024-08-19,10297.17,Ohio
252,386,361,3,2023-03-21,28871.62,New Mexico
253,410,447,18,2025-02-07,9356.12,North Carolina
254,167,101,15,2025-03-02,5706.61,Oregon
255,344,442,16,2024-07-31,26390.47,Nebraska
256,328,161,20,2024-09-03,19438.08,Maine
257,201,301,4,2024-05-27,17402.75,Hawaii
258,433,235,20,2023-04-28,8634.65,Vermont
259,345,362,10,2025-09-18,45934.94,West Virginia
260,303,44,5,2024-06-19,15666.16,Washington
261,123,157,4,2025-07-27,9160.4,Kentucky
262,356,73,17,2023-06-08,19429.28,South Dakota
263,306,71,19,2025-03-09,19191.66,Pennsylvania
264,96,250,18,2023-11-22,34674.71,Oregon
265,331,477,6,2023-05-24,27750.08,Texas
266,251,148,5,2024-05-31,9363.06,West Virginia
267,432,231,20,2025-10-29,2690.03,Alaska
268,184,488,1,2024-05-23,24235.6,New York
269,100,418,13,2023-07-11,48191.82,Florida
270,259,335,16,2025-04-28,20462.63,California
271,252,213,15,2024-05-09,24440.09,Kentucky
272,43,290,1,2023-09-26,39796.09,South Carolina
273,113,150,2,2024-05-14,13749.9,Louisiana
274,276,148,6,2024-04-07,39039.2,Alabama
275,290,381,16,2023-08-25,27490.81,Rhode Island
276,58,294,4,2023-12-01,13401.77,Pennsylvania
277,279,422,12,2023-10-25,27106.75,Texas
278,388,22,15,2025-01-26,27322.2,Mississippi
279,218,53,8,2023-12-02,14892.47,Kentucky
280,17,231,9,2026-02-25,17435.36,Kansas
281,419,45,15,2025-03-27,43265.87,Idaho
282,61,398,8,2025-06-01,10501.81,Arizona
283,378,302,12,2024-08-18,43053.82,Colorado
284,313,324,14,2023-10-16,8307.42,Rhode Island
285,72,402,7,2023-10-30,40678.36,New York
286,413,31,19,2024-12-05,17547.27,Wyoming
287,144,306,18,2024-10-20,8427.18,Kansas
288,361,150,10,2025-12-25,28641.05,New Hampshire
289,488,440,17,2025-11-19,49274.56,Hawaii
290,348,418,4,2024-01-26,6788.09,Oregon
291,385,403,14,2024-08-22,45939.25,Arkansas
292,142,444,5,2025-11-26,35074.31,Kentucky
293,68,128,5,2023-09-01,35572.63,Arkansas
294,425,127,13,2023-11-20,24478.04,New Jersey
295,296,324,9,2024-11-13,31394.36,New Mexico
296,193,232,3,2024-06-15,31685.05,New Mexico
297,451,394,3,2025-06-09,20148.51,Iowa
298,384,143,12,2024-10-14,22740.24,Utah
299,250,168,19,2024-10-30,133.63,New Mexico
300,397,434,3,2024-04-15,36549.29,Georgia
301,235,326,12,2025-06-06,42506.81,Nevada
302,408,274,13,2023-03-23,10899.32,Maine
303,220,423,7,2025-01-30,24740.8,Missouri
304,166,425,10,2026-01-22,16894.38,Massachusetts
305,296,67,19,2025-06-05,42622.6,Utah
306,404,176,2,2023-05-07,2306.69,Connecticut
307,321,402,15,2025-06-07,823.9,South Dakota
308,476,440,6,2024-09-04,22069.88,Nevada
309,1,491,14,2025-10-08,10123.89,Tennessee
310,353,466,5,2024-05-01,44108.57,Michigan
311,155,82,9,2024-04-27,4676.07,Louisiana
312,185,129,3,2023-08-04,18598.47,Kentucky
313,463,333,6,2025-12-15,2598.85,Pennsylvania
314,321,157,8,2024-11-01,21467.25,New Jersey
315,47,361,4,2026-01-17,64.3,West Virginia
316,245,40,5,2024-03-14,29688.04,Washington
317,266,349,15,2026-01-11,474.25,Pennsylvania
318,357,176,4,2024-01-01,49407.86,North Dakota
319,217,356,5,2024-08-10,23890.24,Utah
320,118,197,3,2026-02-09,36540.86,Idaho
321,53,53,11,2024-07-03,18384.41,Oklahoma
322,154,71,13,2023-03-21,38675.29,Utah
323,386,448,5,2023-03-18,32082.39,California
324,347,74,3,2023-03-23,26530.11,Nebraska
325,5,313,6,2023-08-03,22010.57,North Dakota
326,370,110,5,2023-08-13,45995.51,Utah
327,316,352,15,2025-01-25,42999.53,Minnesota
328,45,460,4,2024-02-08,7009.26,Washington
329,64,302,13,2024-05-18,17583.27,Kentucky
330,220,162,5,2023-12-29,12396.84,Arizona
331,331,44,8,2023-04-10,27674.3,South Carolina
332,308,370,20,2023-07-25,14253.19,Arkansas
333,482,354,1,2025-09-12,42396.13,Texas
334,338,449,10,2024-02-04,10280.23,Rhode Island
335,311,261,7,2025-11-20,37394.7,Delaware
336,152,331,2,2023-09-07,39192.24,Colorado
337,407,489,8,2025-09-29,24749.44,Florida
338,58,124,16,2024-10-09,31907.74,Texas
339,37,271,1,2025-12-05,49344.26,Oregon
340,479,163,5,2023-12-17,19348.04,Delaware
341,430,292,14,2026-02-17,18276.97,Idaho
342,350,89,16,2024-04-01,47723.1,Maine
343,395,38,1,2025-02-27,29372.3,Texas
344,8,135,7,2023-06-30,2000.94,South Dakota
345,31,486,13,2025-02-06,25335.46,Louisiana
346,322,365,17,2024-12-27,38357.83,Vermont
347,217,360,13,2026-01-05,4130.57,Wyoming
348,275,276,20,2024-07-19,7642.5,Kentucky
349,43,159,3,2023-11-11,25570.12,Wyoming
350,105,499,5,2023-06-27,26824.14,Louisiana
351,201,301,3,2023-06-09,15515.37,Missouri
352,224,374,8,2024-10-28,2904.72,Michigan
353,45,474,14,2023-06-06,5808.17,Kentucky
354,314,312,2,2024-04-19,15471.41,Idaho
355,380,337,6,2025-01-17,5980.96,California
356,363,71,1,2025-04-06,8199.99,Illinois
357,488,178,17,2025-10-08,25865.97,Montana
358,422,370,9,2023-12-07,8356.48,Tennessee
359,65,384,9,2025-04-07,36649.46,Connecticut
360,61,395,1,2023-10-14,16757.2,Ohio
361,220,140,17,2025-01-02,3202.96,Indiana
362,365,500,19,2025-10-13,31380.37,Tennessee
363,255,234,17,2023-08-17,18012.59,New Hampshire
364,256,440,19,2024-04-10,8352.4,Connecticut
365,81,131,4,2023-04-28,44714.48,California
366,346,371,4,2023-06-22,11427.94,Oregon
367,261,2,2,2024-03-28,42935.86,Wyoming
368,7,126,2,2025-01-25,23593.51,Alaska
369,197,472,5,2025-04-16,8956.26,Georgia
370,492,440,2,2025-12-13,27647.71,South Dakota
371,468,366,14,2023-03-06,11233.52,Arizona
372,128,214,11,2025-12-31,13570.19,Missouri
373,40,293,12,2024-04-21,5978.85,Georgia
374,345,462,2,2026-02-24,8975.42,Michigan
375,412,265,2,2024-11-01,47704.43,Oregon
376,36,450,15,2023-03-10,43302.95,North Carolina
377,397,433,10,2025-04-05,16371.77,New Mexico
378,284,234,1,2025-01-10,18452.28,Montana
379,150,289,10,2023-06-21,36981.4,Ohio
380,125,238,12,2024-02-18,29588.63,Alabama
381,253,396,7,2024-10-22,36625.84,Vermont
382,280,390,8,2025-03-22,7536.81,Delaware
383,478,210,1,2025-08-02,11657.56,Ohio
384,178,326,1,2024-09-12,47550.0,Michigan
385,1,389,13,2026-01-27,42451.81,Maryland
386,373,158,4,2024-11-16,10267.67,Arkansas
387,122,215,16,2025-11-11,48059.64,Tennessee
388,498,73,9,2023-07-23,4660.4,Mississippi
389,472,119,17,2025-06-12,20658.71,Michigan
390,459,191,15,2023-07-07,48727.99,New Jersey
391,44,298,4,2024-05-28,25276.33,Tennessee
392,327,420,13,2024-01-14,3750.78,Idaho
393,291,32,14,2025-07-13,33125.57,Arizona
394,67,122,10,2024-10-21,13056.94,Texas
395,162,475,13,2023-12-26,35039.27,Maryland
396,377,168,11,2026-02-18,22643.37,Missouri
397,120,39,7,2023-08-17,6814.23,South Dakota
398,395,300,4,2026-02-07,7778.97,Minnesota
399,85,231,15,2025-03-29,15708.52,Colorado
400,62,275,12,2025-11-12,48232.09,New Hampshire
401,107,232,10,2023-12-24,23172.7,Florida
402,437,62,3,2023-04-29,7889.19,Illinois
403,352,156,20,2023-04-13,2026.09,Washington
404,428,439,11,2025-09-11,7424.71,Kansas
405,365,128,12,2025-04-02,19818.26,Missouri
406,26,347,10,2023-06-10,13015.74,Ohio
407,90,16,13,2025-11-28,42731.52,Maryland
408,285,384,18,2025-04-19,12500.13,Ohio
409,237,53,5,2025-01-30,6081.45,Alaska
410,32,426,8,2023-05-01,6544.45,Michigan
411,422,206,12,2023-05-31,34317.4,Michigan
412,481,331,3,2023-05-10,29120.37,Montana
413,133,470,3,2023-09-04,1099.79,Indiana
414,34,102,15,2025-12-14,40466.84,Texas
415,48,464,11,2025-05-25,6135.16,New Jersey
416,483,237,2,2026-01-21,8407.78,Ohio
417,294,222,13,2023-10-22,24811.36,West Virginia
418,196,350,14,2025-08-20,8648.63,Iowa
419,110,466,6,2023-06-24,13756.34,Arizona
420,229,453,5,2023-10-10,1742.13,New York
421,318,316,8,2025-12-14,32367.45,Alaska
422,256,211,18,2025-03-06,23956.76,South Carolina
423,45,144,13,2023-05-15,6870.43,Kansas
424,103,330,17,2026-02-26,12464.9,Tennessee
425,411,279,1,2023-09-23,49470.29,Alabama
426,401,366,12,2023-11-27,23989.43,South Dakota
427,401,249,12,2023-05-21,45634.72,Maryland
428,258,165,13,2023-08-03,13529.08,New Jersey
429,14,164,20,2025-10-09,10958.82,Hawaii
430,459,416,9,2025-09-08,2938.98,California
431,242,272,12,2023-08-17,38344.44,Delaware
432,120,499,6,2025-04-15,5015.72,Rhode Island
433,337,124,9,2025-10-16,26689.14,Iowa
434,406,470,2,2023-06-11,38204.85,Illinois
435,486,113,19,2024-12-26,42326.79,Michigan
436,409,199,12,2026-01-21,46760.95,Montana
437,433,89,6,2024-07-20,11835.19,Delaware
438,163,413,12,2026-01-30,45699.86,Oregon
439,15,361,12,2025-06-30,47378.46,Florida
440,289,73,19,2024-07-16,47418.94,Indiana
441,429,415,16,2023-05-14,27110.81,Pennsylvania
442,90,252,2,2023-11-29,4521.97,Michigan
443,120,309,8,2023-06-11,1006.2,Delaware
444,245,1,11,2024-05-03,45895.63,Georgia
445,104,413,5,2024-12-08,17044.54,Hawaii
446,91,471,11,2026-02-18,2987.2,Mississippi
447,76,301,5,2025-07-11,38720.58,Hawaii
448,434,270,12,2025-01-14,48028.33,Kansas
449,192,361,13,2025-08-25,29304.97,Arizona
450,173,155,11,2023-09-28,6831.22,Connecticut
451,81,375,14,2025-11-11,39594.21,South Carolina
452,492,250,11,2024-10-09,8718.39,Wyoming
453,496,288,20,2023-11-05,39351.72,Alaska
454,115,341,19,2025-03-30,40724.57,Colorado
455,194,158,10,2023-03-14,6376.14,Alabama
456,374,1,19,2023-12-08,19586.16,Colorado
457,395,495,19,2025-12-11,1628.81,Pennsylvania
458,309,163,20,2024-05-18,11052.55,Nebraska
459,290,54,16,2026-02-14,7040.76,Wyoming
460,382,40,8,2025-03-13,17347.04,Vermont
461,164,86,3,2023-09-18,41084.87,Indiana
462,344,328,11,2023-10-13,22337.03,South Dakota
463,136,108,8,2024-04-28,34661.87,North Dakota
464,180,132,4,2025-02-01,36023.48,Nebraska
465,25,198,15,2024-03-10,36631.9,Idaho
466,497,86,14,2025-10-08,24659.17,Vermont
467,194,180,18,2023-05-02,18773.63,Rhode Island
468,425,246,19,2023-12-09,32551.97,Virginia
469,352,116,6,2025-04-19,22569.86,South Carolina
470,410,434,2,2023-07-19,14752.48,South Dakota
471,164,134,4,2024-06-14,3719.28,Minnesota
472,88,455,13,2024-12-14,8053.62,Alabama
473,39,281,3,2025-07-18,16904.15,Kansas
474,315,458,16,2023-12-28,35228.19,Delaware
475,221,483,6,2025-06-05,30369.81,Connecticut
476,223,81,2,2025-10-21,5071.88,Mississippi
477,106,499,7,2025-06-20,20469.9,North Carolina
478,284,370,18,2024-02-08,13270.59,New Jersey
479,145,153,8,2025-11-02,4804.84,Texas
480,202,293,18,2024-01-22,41994.33,Louisiana
481,79,28,12,2023-05-26,200.74,Illinois
482,45,151,20,2023-08-27,24021.62,Georgia
483,50,14,7,2026-02-01,8549.9,New Mexico
484,150,42,16,2025-04-15,42190.02,Idaho
485,158,402,13,2023-11-08,23552.51,Texas
486,459,339,9,2023-05-10,4565.93,Arkansas
487,279,199,6,2025-11-30,18557.32,Mississippi
488,196,190,6,2024-05-20,22294.31,Indiana
489,135,226,15,2025-01-08,13177.41,Kentucky
490,429,138,19,2024-08-05,3091.35,South Carolina
491,386,357,4,2025-02-05,4294.51,Arizona
492,177,414,18,2023-08-14,20705.19,West Virginia
493,388,302,8,2023-05-25,27684.56,Ohio
494,431,199,17,2023-12-03,20937.42,Hawaii
495,275,352,16,2023-04-19,28639.99,New York
496,121,244,10,2025-05-12,3956.96,Delaware
497,463,438,2,2023-06-23,25110.05,Kansas
498,462,265,19,2025-01-24,33879.97,Pennsylvania
499,318,76,4,2025-08-21,47463.25,Massachusetts
500,230,89,6,2024-12-14,48608.52,Illinois
501,414,99,5,2026-01-19,2143.37,Massachusetts
502,41,350,14,2024-02-25,10103.94,Wyoming
503,422,322,5,2023-08-23,41707.06,Massachusetts
504,133,164,3,2024-02-21,4360.5,Connecticut
505,285,204,18,2024-03-07,16313.08,West Virginia
506,142,267,15,2024-12-04,45858.92,Illinois
507,7,403,20,2024-10-08,29382.93,Iowa
508,401,215,4,2023-06-27,20727.98,New Mexico
509,76,291,19,2025-08-29,29138.03,New York
510,494,482,4,2023-05-28,46247.16,Nevada
511,289,400,4,2023-10-16,39289.42,Indiana
512,445,275,12,2025-10-06,43895.9,New Jersey
513,136,197,16,2023-12-06,28605.44,Missouri
514,243,20,6,2024-10-05,13777.95,Florida
515,74,317,20,2025-02-13,34043.84,Washington
516,206,20,13,2023-12-31,44479.81,South Dakota
517,170,354,8,2024-09-12,2474.06,Louisiana
518,244,472,9,2024-01-13,44852.6,Michigan
519,11,173,10,2023-09-18,15554.36,Arizona
520,432,252,4,2026-02-12,48625.11,Oregon
521,117,69,10,2023-06-05,48711.23,Louisiana
522,227,397,11,2023-10-03,13478.3,Delaware
523,214,310,3,2025-02-25,9404.91,New Jersey
524,109,468,14,2024-12-13,37049.83,Hawaii
525,389,265,12,2024-08-19,41052.66,Iowa
526,264,406,6,2024-06-05,3290.19,Rhode Island
527,364,260,13,2023-11-03,6791.13,South Dakota
528,436,269,19,2025-10-09,1457.12,Hawaii
529,99,449,7,2025-08-19,41850.46,Oklahoma
530,128,17,15,2024-02-24,2537.46,Colorado
531,185,361,7,2024-12-03,13706.14,North Dakota
532,422,238,17,2025-04-02,19853.14,Indiana
533,473,64,1,2025-09-08,12104.49,New Mexico
534,251,305,15,2025-02-20,8887.41,Louisiana
535,446,243,19,2023-03-27,27571.17,Washington
536,177,84,9,2024-12-29,37450.57,West Virginia
537,353,47,10,2024-03-22,1382.25,Kansas
538,26,84,19,2024-07-25,38993.71,Nevada
539,110,439,8,2025-08-21,32372.52,Iowa
540,347,106,9,2025-09-09,32582.85,Georgia
541,263,11,1,2025-08-12,23710.12,Alabama
542,68,332,6,2024-12-12,30061.09,Arizona
543,5,115,9,2023-05-06,30421.11,New Mexico
544,483,157,9,2025-04-26,21196.1,Arizona
545,193,437,12,2024-12-25,22955.31,North Dakota
546,112,239,10,2024-11-06,33863.04,New Mexico
547,423,320,13,2026-02-19,29228.51,Connecticut
548,4,262,12,2025-02-04,28077.24,New York
549,305,312,10,2024-03-12,14930.81,Colorado
550,56,247,3,2025-07-19,16820.82,Wisconsin
551,142,328,11,2023-03-24,43075.97,Vermont
552,134,336,10,2024-11-25,9426.12,Indiana
553,265,392,8,2023-09-27,44985.36,Minnesota
554,413,439,20,2024-06-06,20210.88,Kansas
555,164,349,5,2025-12-05,36066.95,Colorado
556,336,255,10,2023-03-29,12978.72,New Mexico
557,215,208,13,2026-01-07,36839.24,Maryland
558,299,363,19,2023-11-11,40802.57,Virginia
559,176,372,8,2025-02-15,34319.04,Oregon
560,327,402,16,2025-08-27,45327.26,Alaska
561,344,184,17,2025-02-08,15016.74,New Jersey
562,88,431,18,2023-10-06,9064.98,Virginia
563,50,242,5,2024-11-23,37048.54,Idaho
564,372,414,18,2024-09-30,38148.28,South Dakota
565,94,485,11,2025-02-23,32725.19,Virginia
566,114,182,8,2025-11-12,37213.05,Alabama
567,158,216,11,2025-11-03,18590.4,California
568,300,151,15,2024-10-22,42562.18,Vermont
569,241,28,19,2024-08-03,29019.85,North Dakota
570,318,37,16,2023-04-24,44472.41,Maine
571,257,62,13,2024-12-25,26496.63,Wisconsin
572,212,28,5,2024-04-27,6876.89,Vermont
573,103,176,14,2025-10-11,49359.71,Ohio
574,458,465,15,2025-08-14,7169.78,Indiana
575,442,367,6,2026-01-31,38949.27,Colorado
576,250,171,6,2025-10-23,15677.57,Michigan
577,30,3,15,2023-05-29,13683.66,North Carolina
578,390,397,6,2026-01-16,28818.18,Mississippi
579,82,251,3,2023-05-24,6479.0,Delaware
580,223,325,14,2024-10-19,20175.64,Mississippi
581,495,245,13,2025-02-24,243.41,South Carolina
582,274,103,12,2023-05-07,47503.93,Mississippi
583,457,165,17,2024-09-24,9536.93,Idaho
584,347,3,8,2025-12-05,11321.02,Oklahoma
585,450,177,10,2026-03-03,6455.25,California
586,197,258,19,2025-07-23,15312.69,Virginia
587,34,422,2,2024-01-17,14917.13,Florida
588,149,234,17,2024-08-06,29822.53,Kansas
589,173,223,5,2025-06-20,17143.21,Delaware
590,462,251,12,2025-12-07,37508.28,New Mexico
591,85,486,13,2025-08-22,966.05,Vermont
592,115,373,5,2024-01-24,10567.4,Wisconsin
593,12,302,17,2024-02-18,8457.55,Massachusetts
594,188,365,2,2024-09-02,18765.87,Louisiana
595,328,131,18,2025-04-25,31160.51,Utah
596,305,25,4,2024-12-20,32681.85,Louisiana
597,11,25,4,2023-05-28,20844.61,California
598,195,64,18,2024-10-04,12644.39,Minnesota
599,360,79,7,2025-02-04,34762.65,New York
600,323,5,10,2025-04-21,21049.36,North Dakota
601,52,340,17,2023-09-11,13506.16,New Mexico
602,311,359,5,2025-06-08,20947.1,Utah
603,461,54,17,2025-06-09,35941.12,Maine
604,61,145,4,2025-02-04,39240.16,South Carolina
605,255,102,20,2024-09-26,9995.47,Utah
606,135,426,17,2026-02-13,48656.25,California
607,184,361,14,2023-12-22,14774.61,New Jersey
608,21,281,16,2023-07-18,45518.73,Colorado
609,353,478,16,2024-10-31,16536.87,Idaho
610,2,7,3,2024-05-25,45344.93,California
611,428,294,16,2023-08-21,7465.73,Hawaii
612,47,400,17,2024-05-06,3761.66,Delaware
613,371,52,9,2026-02-19,32220.4,Georgia
614,234,152,9,2025-04-14,23219.23,Georgia
615,52,417,6,2024-01-16,43708.28,North Dakota
616,437,149,12,2025-11-03,40081.79,Alaska
617,161,219,4,2024-06-02,4758.97,Nebraska
618,389,456,2,2026-01-28,493.52,Ohio
619,71,340,6,2023-09-26,16439.75,New Mexico
620,458,225,20,2024-08-24,13422.79,Nebraska
621,376,48,12,2025-01-22,40750.06,West Virginia
622,94,59,13,2025-11-30,20018.51,Alaska
623,234,140,13,2024-05-30,34498.22,Illinois
624,245,410,14,2023-06-10,32445.84,Alaska
625,409,86,4,2024-02-28,6634.25,North Dakota
626,372,31,6,2025-11-30,5194.62,Michigan
627,467,303,16,2024-12-03,40115.22,Pennsylvania
628,348,225,6,2024-08-18,30570.04,Tennessee
629,399,184,20,2025-12-02,1450.52,Massachusetts
630,351,451,5,2025-03-29,24159.15,Pennsylvania
631,250,58,14,2026-01-02,22039.99,Vermont
632,33,134,11,2025-06-05,627.89,Oklahoma
633,445,348,17,2025-01-24,38378.76,New Jersey
634,296,371,19,2024-06-19,11207.01,Oregon
635,490,343,11,2023-09-25,25959.79,Maryland
636,353,359,20,2023-11-26,4771.15,Kentucky
637,339,373,8,2024-02-20,24101.66,New Mexico
638,340,347,13,2024-10-02,7441.24,Maine
639,424,286,20,2023-05-17,2737.76,Georgia
640,330,479,6,2024-09-03,25283.32,Maine
641,241,437,16,2025-02-10,43472.09,Hawaii
642,39,385,16,2025-10-21,16038.48,Hawaii
643,170,497,9,2025-06-13,2527.03,Maine
644,115,282,13,2023-12-13,20169.82,Idaho
645,121,41,15,2026-02-13,22215.0,Texas
646,294,230,3,2023-10-29,42830.9,Hawaii
647,229,162,4,2024-03-08,49033.73,Delaware
648,382,335,1,2023-05-07,5141.14,Massachusetts
649,212,19,18,2025-08-13,27459.45,Florida
650,423,47,20,2025-01-17,48158.93,Kentucky
651,327,156,17,2024-09-29,28121.01,Idaho
652,336,344,15,2024-01-17,47518.25,Oklahoma
653,187,423,2,2023-04-27,40831.27,Texas
654,433,233,11,2024-07-09,28011.94,Minnesota
655,318,308,16,2023-10-20,35835.74,Mississippi
656,187,367,15,2025-01-29,5710.03,Ohio
657,389,338,8,2023-11-12,119.83,Ohio
658,182,425,10,2024-06-15,27389.05,Delaware
659,192,360,4,2023-04-12,2298.45,Montana
660,85,253,5,2025-04-18,41093.71,Wyoming
661,381,370,14,2023-10-16,5357.01,New Jersey
662,313,101,7,2024-07-14,6046.08,Georgia
663,437,202,7,2023-03-11,22857.73,West Virginia
664,401,98,11,2025-06-30,5397.21,North Carolina
665,213,24,19,2024-07-31,6169.73,Tennessee
666,457,231,15,2026-03-04,32926.25,Maine
667,490,259,5,2025-03-10,48193.1,Maine
668,3,272,2,2025-08-12,27665.78,Texas
669,222,430,19,2023-10-19,24151.77,Oregon
670,261,400,6,2025-01-19,34593.97,Michigan
671,89,375,5,2026-02-07,5186.66,Delaware
672,337,308,20,2025-03-18,44135.97,Arizona
673,259,452,13,2023-10-07,20939.05,Utah
674,312,469,8,2025-07-07,13687.06,Delaware
675,494,176,10,2024-06-25,22647.76,Alaska
676,69,71,14,2024-11-17,30130.2,South Carolina
677,454,384,17,2024-02-10,14952.67,New Hampshire
678,360,281,11,2024-09-10,35596.6,Colorado
679,479,284,7,2024-07-23,10052.45,Arkansas
680,320,366,10,2025-10-04,34333.7,Tennessee
681,472,345,5,2024-01-02,49066.96,Pennsylvania
682,333,500,6,2025-05-30,25199.63,Iowa
683,356,327,11,2024-05-09,35520.53,Illinois
684,390,181,18,2023-04-09,24023.69,Colorado
685,293,483,14,2025-06-18,33715.43,New Hampshire
686,458,431,18,2026-01-19,14303.54,Texas
687,434,217,1,2023-07-18,26141.27,North Carolina
688,13,196,5,2024-11-06,2662.72,Illinois
689,29,103,9,2025-04-04,37511.75,Massachusetts
690,83,147,9,2025-09-26,7329.96,Rhode Island
691,32,354,10,2025-05-07,10208.01,Arkansas
692,278,17,12,2026-01-03,40703.17,Mississippi
693,53,316,18,2024-11-11,43243.43,Georgia
694,381,332,18,2024-12-28,19450.44,Mississippi
695,262,402,10,2024-10-24,34649.87,Mississippi
696,25,475,13,2023-03-23,19383.86,Maine
697,490,404,11,2024-08-21,48292.0,Minnesota
698,28,7,9,2024-06-25,10162.33,New Hampshire
699,445,400,15,2025-07-23,41500.87,Colorado
700,467,325,12,2024-02-03,37757.83,Washington
701,280,379,20,2025-01-23,9831.49,West Virginia
702,372,494,7,2024-12-09,14715.94,New Hampshire
703,91,350,3,2024-05-26,9356.96,Hawaii
704,89,377,17,2024-12-22,5976.5,Washington
705,21,220,9,2024-12-07,27834.37,Florida
706,67,83,19,2025-09-02,42302.25,Rhode Island
707,3,170,15,2023-07-16,35487.37,Georgia
708,80,21,5,2024-01-21,46432.13,Maryland
709,306,27,20,2025-03-11,42158.57,North Dakota
710,155,252,19,2024-08-07,27512.51,California
711,38,402,11,2025-09-07,26274.5,Wisconsin
712,490,95,17,2024-10-08,3418.14,Colorado
713,259,82,14,2023-03-15,27158.58,Nebraska
714,207,48,12,2025-11-21,11067.69,Louisiana
715,110,340,11,2024-12-07,16560.02,Idaho
716,151,112,20,2025-07-15,26529.64,New Jersey
717,288,422,1,2025-08-03,5744.95,Wisconsin
718,178,229,8,2023-10-03,45225.78,Illinois
719,315,471,20,2023-12-18,12198.92,Missouri
720,21,350,11,2024-05-27,19074.82,Oklahoma
721,408,484,4,2025-04-05,19299.94,Arizona
722,277,371,10,2024-06-16,1245.04,Pennsylvania
723,265,421,12,2024-06-19,25720.31,New York
724,261,229,16,2025-07-20,2202.14,West Virginia
725,460,334,7,2025-02-21,16022.43,Iowa
726,43,486,4,2023-04-15,8378.07,Alabama
727,490,396,18,2023-10-30,26664.96,Kentucky
728,321,34,7,2024-06-13,33520.05,South Dakota
729,397,110,14,2025-11-17,41784.9,New Mexico
730,106,276,14,2023-09-13,32331.59,Tennessee
731,482,37,5,2026-01-02,1197.41,Maine
732,368,170,2,2024-12-12,4385.17,Idaho
733,28,92,9,2025-04-07,27908.63,Vermont
734,295,421,8,2025-11-30,45550.22,Kansas
735,209,199,15,2023-04-18,31514.56,Delaware
736,222,162,1,2024-05-08,19481.2,New York
737,61,274,1,2023-06-16,32074.72,Rhode Island
738,317,33,19,2024-09-16,2285.39,Pennsylvania
739,435,38,12,2025-03-20,46403.11,Oregon
740,55,149,10,2025-01-10,30332.23,Kentucky
741,145,392,15,2025-11-04,19076.86,Utah
742,421,339,1,2025-03-13,23704.64,Vermont
743,274,113,5,2023-09-06,37340.23,Mississippi
744,408,409,18,2025-05-09,14755.97,Washington
745,325,74,10,2025-08-14,33867.68,Alaska
746,469,495,12,2024-04-11,47870.01,Hawaii
747,6,284,18,2025-08-24,7077.28,Arkansas
748,22,3,19,2023-10-18,29836.78,Massachusetts
749,276,281,3,2025-02-18,15241.51,Vermont
750,384,380,12,2023-10-01,10594.73,Minnesota
751,464,331,17,2023-11-13,7131.33,Arkansas
752,95,114,20,2024-05-01,41739.07,Mississippi
753,100,59,6,2024-12-15,33552.19,South Dakota
754,291,437,2,2024-09-08,42570.87,Arkansas
755,478,282,15,2024-05-28,32237.28,Maine
756,38,149,3,2025-06-04,12541.87,South Dakota
757,102,372,19,2023-07-02,24364.65,North Carolina
758,170,183,5,2023-12-31,33568.07,Wyoming
759,121,52,10,2025-11-04,30979.59,Idaho
760,461,100,11,2023-07-29,24298.2,Rhode Island
761,169,316,10,2023-11-19,34675.97,Ohio
762,79,290,19,2024-07-18,18231.03,Massachusetts
763,162,491,14,2026-02-01,8440.29,Maryland
764,161,127,8,2024-04-29,35612.83,Utah
765,329,224,9,2026-02-21,42007.1,Vermont
766,69,348,11,2024-09-18,43895.51,Connecticut
767,237,229,12,2025-06-12,38740.6,Pennsylvania
768,250,283,4,2024-09-01,8796.75,Georgia
769,311,42,9,2023-03-25,42937.1,Florida
770,72,457,18,2025-05-17,9829.63,Maine
771,376,454,3,2024-10-04,36373.99,Wyoming
772,457,10,17,2025-03-27,31585.01,Nebraska
773,417,298,19,2024-08-14,20262.67,Hawaii
774,303,109,2,2023-08-11,27584.18,Indiana
775,279,458,18,2023-10-31,23610.48,North Carolina
776,397,77,12,2024-02-11,19630.99,Illinois
777,457,396,19,2025-07-19,36664.01,South Carolina
778,149,69,15,2026-02-08,25061.15,North Dakota
779,47,204,12,2025-06-08,25113.34,Virginia
780,340,123,20,2025-07-08,34211.24,Vermont
781,388,264,5,2023-08-29,22316.56,Nebraska
782,92,290,19,2025-02-17,32974.07,California
783,496,75,16,2023-09-02,46959.37,Florida
784,21,113,16,2023-03-31,11595.18,New Mexico
785,136,190,8,2024-08-26,2149.99,Maryland
786,106,266,12,2026-02-10,19410.77,Mississippi
787,470,233,2,2023-10-06,2004.84,New Hampshire
788,333,166,4,2025-09-18,35189.78,North Dakota
789,267,325,9,2024-08-17,41745.26,Idaho
790,135,297,18,2024-06-20,28512.31,Alaska
791,193,335,13,2023-09-05,18271.19,Iowa
792,335,460,3,2023-09-20,25837.98,Vermont
793,193,499,8,2023-10-12,25823.43,Vermont
794,181,419,12,2024-02-19,24348.21,Maryland
795,247,455,20,2023-09-15,339.82,Indiana
796,452,72,15,2023-09-23,8288.64,Colorado
797,40,264,9,2024-12-23,10583.74,Vermont
798,96,81,12,2023-08-25,30104.99,California
799,419,61,8,2023-04-03,20736.54,Wyoming
800,170,369,4,2025-03-26,24081.02,Wisconsin
801,246,246,7,2025-01-02,29543.64,Arizona
802,332,427,14,2024-01-04,1132.08,Connecticut
803,23,66,19,2023-04-24,29621.46,Texas
804,69,323,17,2025-05-10,1969.15,Pennsylvania
805,294,76,2,2023-06-05,8325.4,New Mexico
806,473,93,17,2023-09-05,47912.33,Kentucky
807,307,497,19,2023-05-11,31884.76,California
808,450,369,10,2024-06-15,47363.22,Texas
809,111,230,20,2023-03-20,49638.86,Wisconsin
810,445,247,6,2023-08-01,10976.0,Delaware
811,211,308,5,2025-09-24,39732.86,Indiana
812,421,393,6,2025-09-02,31164.35,Illinois
813,262,136,6,2023-12-17,36212.1,Texas
814,176,473,15,2024-09-01,29830.7,Alaska
815,36,118,13,2023-07-24,19279.24,Georgia
816,56,9,7,2024-05-08,26140.34,Pennsylvania
817,466,259,14,2024-08-26,41327.44,Minnesota
818,311,50,6,2023-11-09,23798.7,North Carolina
819,315,308,2,2025-10-12,43888.85,Kansas
820,273,258,4,2025-04-27,4668.57,Oregon
821,338,67,20,2023-06-19,26968.91,Connecticut
822,1,460,14,2025-08-19,26106.99,Wisconsin
823,190,448,2,2023-03-26,34885.16,North Dakota
824,220,118,16,2024-02-05,39479.88,Virginia
825,196,180,19,2023-12-27,40233.01,Maine
826,465,390,19,2023-11-26,4894.87,Wisconsin
827,69,131,16,2025-06-16,38295.29,Alabama
828,466,440,3,2023-08-05,14170.5,Indiana
829,449,279,14,2025-04-26,12897.67,Virginia
830,3,364,1,2025-03-11,28903.58,Mississippi
831,61,267,1,2026-02-21,18757.74,Pennsylvania
832,106,353,11,2023-12-17,20448.17,New Hampshire
833,55,80,14,2026-01-14,32582.28,Connecticut
834,130,134,18,2023-12-10,21183.84,Minnesota
835,188,314,9,2024-10-14,49590.02,Nevada
836,204,387,7,2024-01-31,20667.28,North Carolina
837,402,286,16,2024-02-21,8944.19,Nebraska
838,287,285,16,2023-08-27,12696.34,Wisconsin
839,158,296,12,2024-07-05,38711.98,Delaware
840,204,377,5,2025-02-25,42751.4,Delaware
841,338,61,8,2025-05-20,22335.28,Florida
842,359,487,6,2025-04-13,5022.93,Wisconsin
843,261,206,11,2024-09-16,40044.68,Virginia
844,315,357,2,2024-05-25,8045.29,Oklahoma
845,494,326,1,2023-05-07,40220.42,Colorado
846,422,75,16,2024-07-26,46293.83,New York
847,223,46,3,2023-08-31,13161.97,Missouri
848,190,41,20,2024-05-18,1897.39,New Jersey
849,197,477,13,2025-09-22,30702.14,West Virginia
850,267,147,20,2024-07-01,2882.58,Utah
851,397,420,6,2025-01-22,32018.16,Iowa
852,225,6,7,2025-07-12,42529.88,Nebraska
853,477,412,17,2024-05-29,14307.47,Nevada
854,18,402,20,2023-12-23,25532.29,California
855,358,119,20,2025-03-12,8482.45,Utah
856,19,185,8,2024-09-25,32754.41,Idaho
857,500,81,3,2023-03-24,49840.89,Utah
858,400,205,12,2025-04-06,33486.41,Utah
859,208,301,7,2023-08-15,25891.96,Montana
860,378,361,3,2025-01-13,45959.68,North Dakota
861,282,146,18,2025-12-22,45751.3,Utah
862,179,178,9,2023-07-15,11322.51,Delaware
863,494,100,15,2023-10-13,46486.39,Montana
864,295,3,9,2024-11-16,8759.99,Vermont
865,260,55,18,2025-09-07,3628.57,Connecticut
866,151,175,4,2023-11-22,40149.08,California
867,490,132,18,2024-09-20,40659.24,Illinois
868,295,129,15,2024-08-12,48303.11,Illinois
869,289,248,8,2025-09-14,37876.09,Montana
870,493,398,15,2023-09-11,34082.92,Iowa
871,460,301,1,2024-12-23,24103.69,Washington
872,133,35,13,2025-04-18,31686.75,Louisiana
873,113,347,8,2025-08-24,40010.07,Pennsylvania
874,212,490,12,2024-05-02,25830.05,Wisconsin
875,5,359,9,2025-11-29,12420.4,Montana
876,48,205,11,2024-09-08,3810.68,New Mexico
877,477,92,16,2026-01-03,15700.5,Rhode Island
878,112,458,19,2024-11-22,13461.1,New York
879,485,383,7,2025-05-07,24954.98,Louisiana
880,103,121,8,2023-10-19,43638.4,Wyoming
881,106,118,7,2025-02-08,41748.67,Connecticut
882,429,317,12,2023-09-10,7808.22,Kentucky
883,55,62,3,2025-04-03,33793.85,New York
884,340,253,20,2024-02-26,341.12,South Dakota
885,439,278,2,2023-09-30,42402.05,Alaska
886,191,318,11,2023-08-06,24622.1,West Virginia
887,452,460,19,2023-05-26,43439.75,California
888,252,94,17,2025-04-16,14020.53,Utah
889,114,385,19,2023-04-15,6421.02,Idaho
890,270,410,14,2024-10-19,23921.22,Rhode Island
891,277,17,17,2026-01-23,17370.98,Massachusetts
892,441,352,6,2023-10-28,22865.23,Maryland
893,62,358,17,2025-10-26,23008.93,South Carolina
894,353,5,1,2023-08-01,33708.41,Wisconsin
895,195,298,4,2023-07-01,16278.56,Texas
896,314,442,9,2025-05-20,9365.75,Wyoming
897,135,122,9,2025-04-07,23572.55,New Jersey
898,314,176,12,2024-01-12,9203.84,Maine
899,218,108,14,2025-12-27,35038.62,New York
900,191,187,13,2025-04-04,13988.68,North Carolina
901,93,293,5,2024-04-14,48963.83,Ohio
902,352,118,4,2024-08-19,36043.56,Ohio
903,412,121,18,2025-07-01,21616.62,Alaska
904,196,101,5,2023-04-23,40003.87,Nevada
905,379,77,16,2023-09-06,40285.36,Missouri
906,91,216,16,2025-02-01,6732.24,Massachusetts
907,458,435,17,2024-10-09,26703.79,New Hampshire
908,162,403,16,2025-02-16,15008.71,Arizona
909,288,440,19,2023-04-25,2394.99,Idaho
910,51,354,6,2025-07-16,3011.22,Texas
911,417,131,16,2024-06-17,41950.2,Virginia
912,50,231,11,2023-11-14,12995.86,New York
913,185,287,18,2025-01-02,46592.91,Florida
914,132,177,1,2024-07-02,20593.93,Virginia
915,180,445,20,2024-10-29,9955.92,New York
916,295,333,18,2023-08-21,8735.2,Oregon
917,400,146,12,2026-01-16,16261.26,New York
918,262,250,15,2025-12-24,44482.73,Oklahoma
919,196,315,10,2026-02-01,23192.97,Ohio
920,490,75,6,2025-08-09,32032.63,New Mexico
921,476,173,14,2025-03-13,31567.36,Oklahoma
922,293,208,3,2023-11-02,3964.81,North Carolina
923,176,117,11,2023-05-30,15850.74,Montana
924,150,364,9,2024-04-17,30273.19,New York
925,203,139,15,2025-09-08,39050.89,Missouri
926,481,186,19,2025-10-18,26051.58,Utah
927,231,212,6,2024-09-02,9202.47,Wyoming
928,12,65,8,2024-05-19,33104.51,Massachusetts
929,482,381,3,2023-06-08,10536.47,Alaska
930,204,53,4,2025-09-07,3198.98,Arizona
931,450,243,18,2023-09-20,2700.73,Mississippi
932,395,204,17,2024-08-27,38252.17,West Virginia
933,43,54,9,2025-08-28,30908.93,Alaska
934,44,336,13,2025-10-31,15475.44,Michigan
935,127,378,10,2024-10-16,22163.59,Connecticut
936,65,68,17,2024-12-29,41927.5,Minnesota
937,15,18,12,2024-09-10,43019.84,Nebraska
938,167,443,16,2024-08-31,23365.0,Arkansas
939,446,277,9,2025-12-26,27431.78,Kansas
940,70,497,18,2024-03-23,8860.06,Kansas
941,306,234,19,2025-12-05,21754.52,Maryland
942,328,328,18,2025-09-10,15489.97,Colorado
943,178,247,18,2026-02-05,11364.15,California
944,46,227,10,2024-06-20,18295.51,Delaware
945,134,80,10,2024-08-10,537.69,Hawaii
946,268,418,5,2023-04-04,17200.81,Ohio
947,241,274,1,2024-07-23,34391.62,Arizona
948,252,485,16,2025-02-17,14987.53,Texas
949,393,221,10,2024-12-20,29854.22,Oregon
950,408,4,18,2025-05-12,18688.46,Nebraska
951,211,452,18,2024-04-22,21860.95,Alaska
952,128,84,13,2026-02-18,41423.06,New Mexico
953,113,135,3,2025-09-03,21117.75,Alaska
954,123,265,20,2024-07-08,40380.67,Missouri
955,351,140,10,2025-08-07,32426.37,Missouri
956,273,415,9,2024-07-17,20651.06,Oregon
957,437,36,6,2023-08-03,6839.84,New York
958,57,327,15,2023-08-07,30890.29,Vermont
959,140,359,20,2026-01-16,24604.88,Indiana
960,165,10,5,2024-08-07,2491.11,New York
961,274,12,6,2025-04-24,48616.91,Wisconsin
962,145,138,5,2026-01-04,35762.65,Michigan
963,373,5,8,2023-11-18,4518.95,South Carolina
964,8,253,7,2024-06-12,17102.22,Mississippi
965,160,403,16,2025-01-10,49898.19,Illinois
966,238,357,2,2025-04-14,16519.13,South Dakota
967,432,385,5,2023-06-30,2811.36,Ohio
968,398,201,3,2024-01-31,27164.17,Maine
969,93,99,9,2024-04-19,40864.36,Arkansas
970,425,7,4,2024-06-08,48730.18,Oregon
971,366,128,13,2024-11-18,38563.55,Iowa
972,227,127,2,2025-10-30,9967.0,West Virginia
973,377,395,4,2023-07-25,26061.74,Virginia
974,107,243,13,2025-08-19,34075.3,Connecticut
975,160,480,11,2025-09-09,7938.99,Michigan
976,373,22,18,2024-05-02,26051.1,California
977,130,247,10,2025-07-31,9944.19,North Dakota
978,455,27,7,2025-03-12,48663.97,Nevada
979,121,325,14,2024-01-24,16232.43,Minnesota
980,86,407,9,2023-07-02,29239.0,Tennessee
981,203,405,8,2024-06-15,456.4,North Carolina
982,22,298,16,2024-06-12,34423.44,Nevada
983,80,191,3,2025-12-29,12443.63,Ohio
984,256,47,20,2024-07-03,16927.72,Illinois
985,497,389,2,2024-12-07,2998.16,Montana
986,331,79,18,2024-03-29,39575.4,South Carolina
987,65,250,8,2025-05-13,15843.81,New Jersey
988,286,404,12,2026-01-11,40278.21,Wisconsin
989,225,376,7,2025-07-02,1077.43,Idaho
990,194,184,5,2023-04-02,12542.31,South Dakota
991,21,249,15,2026-03-01,27955.65,North Dakota
992,278,357,16,2023-12-19,9496.89,Oregon
993,96,279,12,2025-04-18,16190.81,Indiana
994,240,141,20,2025-12-25,45724.56,West Virginia
995,284,83,3,2025-02-27,26561.56,Louisiana
996,231,152,9,2025-11-19,27084.88,Ohio
997,233,1,17,2025-10-14,18958.39,Wyoming
998,95,453,1,2025-01-06,30990.53,Oregon
999,187,398,20,2025-11-02,11946.94,Arkansas
1000,370,33,18,2025-05-24,40954.3,Illinois
