event_id,user_id,event_type,page,timestamp,session_id
1,12,click,/main/wp-content/tag,2025-04-17T04:20:21,4bb3e035-b673-43e0-8ceb-424f1eca85b3
2,487,search,/tag,2025-07-02T06:11:54,fbfbd9f9-8da4-4916-afa8-736973db49d0
3,132,search,/blog,2025-05-14T22:32:18,e2b845b7-f0f5-4dc1-91ed-43ba65c65e05
4,335,search,/wp-content/list/wp-content,2025-03-11T12:18:08,5a9b9519-be9d-448c-bbc0-e8ed32dc80ee
5,453,page_view,/tags/main/list,2025-09-24T22:14:38,5cd70899-887c-4db9-8cdd-d6b30c07e0e3
6,429,signup,/wp-content/explore/categories,2025-07-28T10:48:03,2a6716d4-ae2e-4dd2-99a2-a60228a3d3a3
7,495,page_view,/tags/tags/list,2025-12-21T17:15:58,f1337e7d-8a73-483e-a6ec-d1dcb75168f6
8,407,click,/tag/wp-content/app,2025-08-07T16:52:24,85915047-e6a5-47d0-a3c8-1fb94be730a1
9,293,purchase,/list/tag,2025-04-26T21:11:49,00172ca3-4ccc-4afe-b02a-2956b8b758b8
10,156,logout,/category,2025-12-05T02:41:05,3570f44d-4fc5-4e4c-ab09-ec628e461d8b
11,264,logout,/tags/explore/app,2025-08-11T09:26:41,d28b829a-7b1e-4e13-a4cf-862923eaea4f
12,438,click,/search,2025-08-03T23:04:21,6b44312a-a565-4d41-a8d1-41dbc94bcc99
13,356,page_view,/tags/wp-content,2025-07-19T02:30:03,f2f4f240-f69e-463d-b9ef-20ea120e5c83
14,192,logout,/main/category,2025-12-11T23:04:55,ac1cfcfc-f1c0-46ba-95ff-7d9dbd5a0760
15,243,click,/search,2025-08-24T05:04:53,c2b5ac1b-4685-48bc-ac17-cb472474e10f
16,390,signup,/app/main,2025-07-03T20:41:40,a0e85f89-c58b-4161-9a44-cb3b8634a7cd
17,141,search,/tag/tags/search,2025-04-22T12:17:21,74516c96-9c2b-4ca9-be2f-76858a8ffb2c
18,353,click,/main,2026-02-09T20:46:36,b8525de3-e916-4e82-8116-8b7efa9f4841
19,142,logout,/list/explore,2025-03-20T22:21:03,416553a1-e420-4a34-9685-b08b61aa189d
20,344,page_view,/list,2025-09-02T04:48:08,e0516aaa-2b1f-4ecd-95c1-27e66d0879b4
21,310,signup,/blog/posts/posts,2025-05-31T06:12:10,ff630fac-16ac-478e-9a61-7efe85d8cc08
22,466,click,/tags/tags/category,2026-02-05T15:30:08,d632919d-7e99-42c2-aa37-94fbd9975545
23,348,purchase,/explore/tag/tags,2026-02-04T00:24:39,b95b7efe-d7a2-4c6c-87bb-6bb0c51b2775
24,140,page_view,/search/search/categories,2025-08-14T23:50:45,fbab907a-4051-4bda-9617-82cbaabf1a08
25,209,click,/app/main,2026-01-12T00:51:10,7eb6c0a9-95f5-42ac-be24-7c2b7c4cec7d
26,10,signup,/posts,2025-08-20T11:28:10,ff4f3808-1a9d-4acc-8408-7701aa66a0ed
27,337,click,/tag/tags/categories,2025-10-26T14:38:56,aae50490-ecdc-4b27-9ed2-1b1584db01dd
28,141,purchase,/app/main,2026-01-24T13:06:38,193c5319-f43e-475b-a486-87d4cb295e19
29,237,logout,/main/explore/wp-content,2025-10-16T07:35:50,9a9303ea-e75e-4164-b595-0807ac30211d
30,405,search,/posts/blog,2025-03-20T12:02:08,70b3e6df-c9c3-4dd8-a5a7-970558e8f1db
31,163,page_view,/categories/categories,2026-03-05T03:44:20,a0cc5d31-ce22-4fcf-902b-4c3a6610ba20
32,114,click,/posts/blog/app,2025-10-11T04:38:18,f229c37b-a169-4799-862e-54242e44d349
33,10,search,/main/explore,2026-01-10T10:40:23,d9743ff0-74e5-418d-baa3-80fa07438e60
34,167,click,/category/blog,2025-07-19T20:52:22,46d162d6-3faa-4fd6-b730-d07ef93c8285
35,33,logout,/posts/search,2025-12-01T12:35:35,c4c3b30d-435f-49e6-a282-bbabfdb09520
36,148,search,/search,2025-10-07T21:51:28,a5f62181-8c1a-4477-9d0d-3739c553bb6d
37,365,logout,/blog/posts,2026-01-02T07:37:09,7ff5475c-d83f-4f4f-ac0b-fe69d0c29b24
38,424,signup,/tag,2025-07-19T15:31:30,ce1eaeb5-bd67-4ba0-89c9-c0f39dcc91b0
39,302,signup,/tag,2026-01-20T20:21:15,b8d11a8f-ea07-4198-99ee-ad264e4b36aa
40,326,logout,/list,2025-08-09T17:16:13,a3b4a240-7f48-4536-9f2e-444a501bcf44
41,169,logout,/categories,2025-05-22T12:38:02,7c45d65d-b517-48ef-9b21-3e3143c2181f
42,200,signup,/category/tag,2025-07-23T09:32:56,2b25a58a-f595-4b2e-a8c2-783dc138a98b
43,477,logout,/app/wp-content,2025-07-03T14:47:40,a46e47a2-b342-4968-8191-086be8a91aba
44,7,purchase,/search/categories/wp-content,2025-10-31T05:02:06,17e6ae99-32d8-4c29-9370-7fcbb21534f7
45,175,purchase,/explore,2025-10-23T05:56:46,67964bd9-a9c6-44e3-a07e-af26ea299a22
46,178,signup,/main/category,2025-07-20T10:07:10,629f1962-ebd7-45f5-a20e-674e6591d99b
47,78,signup,/explore,2026-01-15T08:50:21,4b3dd578-cc69-48ca-a32f-fec3e05ff96e
48,438,search,/categories/app/explore,2025-08-23T21:12:09,8c48e3f4-3ef3-49ba-8a70-16c8d37d8533
49,256,click,/list,2025-06-19T08:21:34,d54fbd02-3976-4637-be97-16ad06bf79cf
50,273,search,/explore/wp-content/wp-content,2025-11-11T15:17:14,032dd96d-2537-4857-b749-af64cfc01fbc
51,88,search,/wp-content/app,2025-10-28T18:46:35,6a1e5d9a-705f-452b-9682-a0b47bb7cc42
52,200,purchase,/categories/categories/category,2026-01-28T07:30:47,a093ca68-664d-49fa-94b5-933984c11826
53,207,page_view,/list/explore/blog,2025-12-04T11:49:02,cdad54f4-5d2d-413b-bb5e-dc15cbfae8d6
54,339,logout,/tag/category,2026-02-27T10:48:26,8a55a14b-51f5-48f9-bc15-ae1fefda21b2
55,496,page_view,/app/blog,2025-07-07T22:34:48,b3d2c4a9-fc7b-427f-93d3-9ff9dc2555f1
56,324,signup,/blog,2025-10-15T20:45:06,eadfeef6-fb23-49d3-98bc-2e3b20f6b8d8
57,288,purchase,/blog/categories/main,2026-01-19T22:05:01,592cfe25-b858-4203-ba52-b3839aa5bf18
58,43,click,/blog/explore/posts,2025-05-30T23:57:42,d62c4be4-9302-45dc-84e5-eddd771d030f
59,383,logout,/tags,2025-10-31T08:09:25,6fa9c57c-974f-4668-bf44-1add70184f95
60,190,purchase,/wp-content,2025-03-13T14:35:46,a6789753-8f1a-4d4a-b2ce-d11f8f59748b
61,150,purchase,/tag,2025-09-06T02:56:53,1053adba-25db-48d1-b4d0-aaeade19893e
62,232,search,/category/explore/search,2025-06-10T21:23:25,070f48c2-ba4e-432f-a582-eba2f2859a73
63,240,page_view,/tags/tag/posts,2025-04-25T19:26:35,a96bc761-3717-4e45-a570-6108fc78090e
64,80,logout,/search/blog,2025-07-01T08:06:53,cc650374-91e2-4c1e-bb89-5644549dd3b5
65,300,click,/explore/main/categories,2025-11-24T14:50:47,01bc075c-dcdc-43fc-9080-5bbf963d4606
66,320,purchase,/app/posts/tags,2025-12-30T20:27:28,1049f904-9d25-4dc4-922d-ef06fa33dca5
67,290,signup,/category/main/wp-content,2025-10-24T15:05:29,2de94792-fd55-4844-8242-17c5c61371c1
68,213,page_view,/app,2025-11-12T05:22:47,1e978ef7-ba89-4da3-beb6-af51edc78d7b
69,385,purchase,/main/explore,2025-10-13T22:33:44,632fff79-af73-4c45-b2f3-9f61b3700e92
70,285,search,/category/tag,2026-01-28T01:33:18,4faa8036-188a-4f55-aed8-680457e23419
71,252,click,/wp-content/tag,2025-06-10T21:24:35,42b07e31-2f3f-4e11-973a-603d7feb25e2
72,193,logout,/wp-content/category,2025-11-11T09:02:40,73a469a5-56f7-46bb-94e1-aabda20cc4ba
73,68,signup,/blog,2025-06-13T03:02:17,0f973342-9b2d-43a3-a119-e3310538fbfd
74,311,page_view,/app/category/wp-content,2025-09-26T12:13:57,627f34eb-53ad-432c-8131-771e033857e4
75,50,signup,/app/list,2025-10-09T19:24:26,f4a985b0-11c3-4e19-9bfe-ed4a5ff540ca
76,112,click,/search,2025-11-07T04:54:27,8903c8c7-2e89-42cc-bf8a-1fca9ef17e4f
77,57,logout,/tag,2025-04-11T16:15:15,2798879b-e9a1-4cc0-aee4-f488df41c155
78,149,click,/category/wp-content/tag,2026-01-27T13:30:29,81e04baa-2d70-4ddf-85a0-b7c3e1322e39
79,443,click,/tags,2025-03-16T19:16:21,899f7cfb-ef6f-4d6a-89ed-1c7c9f40ce6a
80,393,search,/category,2026-03-03T03:36:08,aedb3046-595b-4abc-9b97-23324a9b37f0
81,206,logout,/posts,2025-09-22T09:08:02,7f660f24-1987-4a42-a675-835a2ad9c360
82,210,purchase,/posts,2025-05-04T07:31:37,565fa125-eb85-405d-9cfa-2010ff51cc96
83,385,click,/explore/categories,2025-08-03T00:46:25,1dcb2fbf-f1aa-4637-b2ab-e7ffc8b8547b
84,215,logout,/categories/category/category,2025-06-06T00:18:58,30370fff-7da2-4b48-914d-4890f5dbed2c
85,143,purchase,/app/app,2026-02-25T17:58:18,e8e00199-d7f6-4255-8f97-9ff07afd0718
86,395,purchase,/blog/list/main,2025-09-22T21:45:47,520fc3e7-a7a1-4e62-a9db-f6281748ba01
87,323,page_view,/categories/blog/categories,2025-12-23T23:30:21,4855f44a-3370-4903-a4a8-a8448bdfa208
88,341,search,/main/posts,2025-06-26T19:02:41,677c25b0-6d23-4155-a057-c558f1ba308e
89,492,search,/category/tag,2025-09-11T19:09:03,7bee4582-8fae-46a9-924e-c63c1ab49e05
90,391,search,/category/tag/posts,2025-06-24T13:18:33,0e1c0d4d-b2eb-4819-af1e-0ecdc555f30a
91,163,logout,/posts/wp-content/main,2026-02-14T11:22:22,923f128e-e678-42ae-bf73-302696646ca5
92,275,logout,/wp-content/search/app,2025-03-15T21:06:10,6288e5da-4d8d-4d2d-b77e-1ee60c15cb28
93,201,click,/tag,2025-09-29T20:47:18,af25762c-d34d-49ae-92e1-06a40d6c6599
94,440,signup,/blog/categories,2025-05-13T06:15:07,b2fdaa38-ae5e-41fc-9eee-5114823d269c
95,254,signup,/search,2025-04-12T07:57:33,e47172b1-2f8a-437d-b330-dc59750d456e
96,147,signup,/explore,2025-07-07T09:58:41,7eca5b2d-341f-4b4a-b6ca-f84012adbc1b
97,81,click,/posts,2025-11-08T17:37:31,ec0dd9ba-0b94-429c-83fd-e24e9ceeaf74
98,205,purchase,/wp-content/blog,2026-02-26T23:40:56,3d8a0701-e786-4bbf-8136-8f984a5a62d3
99,2,logout,/posts/posts/explore,2025-08-03T10:44:46,eae6c3da-5f2d-48b8-ba76-9378d39a3c87
100,425,purchase,/app/main,2025-06-08T14:58:04,e1c72223-4218-4e6d-ab24-f74a9f2be8ba
101,391,signup,/blog/blog,2026-02-18T08:32:08,f0b5b7b3-3472-459e-8f4b-1252a04e03d7
102,336,click,/blog/search/blog,2025-08-13T12:49:08,4730b04b-608b-4508-a9e4-4d26d2d47ec7
103,350,page_view,/tags,2025-06-11T10:33:52,b149324b-a064-4c2a-82ab-856599a2186f
104,197,logout,/app/posts,2025-04-24T01:47:35,120de24a-3914-4ce2-b083-07e1a9b7f1f5
105,335,signup,/main/main/posts,2025-03-30T20:17:44,2ad88bca-53cf-44e1-8974-e16a2ef0963c
106,499,signup,/search/blog/explore,2025-08-06T16:00:11,48e26a53-4954-405b-8948-575448e918f9
107,211,click,/search/posts/category,2026-02-11T22:51:16,16251089-f340-46f1-b3be-8942e24f908a
108,326,page_view,/list/wp-content/categories,2025-03-18T21:10:15,1c852510-1bfd-4626-ba93-ef0e780d90b6
109,317,click,/app,2026-01-22T13:28:24,c335e9e5-1567-45f4-af39-f8c863582706
110,71,logout,/posts/wp-content/tags,2025-08-22T03:56:07,98d516b9-7128-4916-a48b-d5aabd0443f0
111,318,logout,/list,2026-03-02T14:23:44,30604ccf-f979-449b-844c-5c7880ed319c
112,42,logout,/explore,2025-07-06T11:42:33,f2d6c18c-03a3-474a-919c-f7350b33b7a0
113,293,search,/tag,2026-02-01T19:28:20,2cef781d-ebfd-4100-8034-9202f34e5ba1
114,210,page_view,/tag/list,2025-03-26T22:24:58,f262e145-2731-460c-a149-ee42642d03af
115,167,logout,/categories/wp-content,2025-11-03T14:31:21,b89f52d2-a873-4d14-95fc-cc1431c034f0
116,128,click,/app/tag,2026-01-26T13:44:00,49adb07b-874f-4c5c-9a06-64b93eeb2f03
117,292,search,/main/categories/search,2025-04-17T06:28:20,849ebfa5-68f0-4a5d-90ac-72bdaf4c9dfc
118,242,search,/app/blog/blog,2025-07-07T22:31:17,e6c9fd54-24bb-4796-89d6-8cdc5ed0b58c
119,47,purchase,/list,2025-06-03T18:21:18,900ddf16-00e0-4200-a197-337c0182c481
120,12,search,/categories,2025-12-28T13:13:42,397a0433-db64-4ca7-9ea0-dd2d9123f2c5
121,308,search,/app/categories/app,2026-01-19T00:41:22,924d4a86-efed-4e52-b9f7-3374e92af09b
122,200,logout,/category/blog/category,2026-02-21T12:31:46,7d957e47-aed1-4cec-bcd7-e0eabf817a17
123,262,click,/search/explore/tags,2025-09-07T02:16:28,7447f8a1-2734-4be8-a609-2042eb5f8944
124,436,click,/list/wp-content/search,2025-12-13T21:40:53,63719357-f7a5-4f8d-b689-c4c22ca26887
125,235,purchase,/list/category,2025-03-13T03:36:57,24dc1ee5-4cc3-48c3-8e32-00af6e8649f1
126,371,click,/tags,2025-08-11T09:24:24,da07f08e-8a9f-45a1-a13a-e6f4b5ef818b
127,90,signup,/categories,2025-04-22T13:46:40,35461a1c-5a5a-4dac-a062-4c48d7131c2e
128,480,search,/tag/tag,2025-12-14T20:42:38,6370fda9-f3ce-4aaf-b1a2-f6c173cab4e3
129,472,click,/category/search,2025-08-06T22:19:38,34b6d9da-87a9-4faf-b92a-b1b72213cdad
130,166,click,/search,2025-12-06T18:17:12,f2b074a3-31d1-4ea8-9181-c8a230e31645
131,151,page_view,/tags/tags/list,2025-10-03T22:06:48,6880534f-cac5-44c6-8393-f806dcc8c801
132,458,page_view,/tags/wp-content,2025-04-28T21:46:21,a6f90864-8af6-4268-9bd0-7f9b78612769
133,106,logout,/search/posts,2025-12-30T20:03:17,0d06d891-6980-4e3c-9fa3-fe4bdebf96d3
134,237,signup,/search,2025-07-14T03:54:10,a8deeb1c-281e-4259-a3d2-1a338d3bc1df
135,126,search,/explore/tag,2025-08-24T01:20:37,62cef959-34da-4f50-b1a7-fe09061a1396
136,309,signup,/blog/search/blog,2025-10-09T19:24:03,66e1608e-a428-4ec4-a7e6-287bc4ecea32
137,124,click,/posts/wp-content/category,2025-09-02T23:56:51,216c0ed0-bd0c-4656-9e37-38773ee61872
138,499,signup,/search/explore,2025-10-28T19:44:58,e03c119a-a0ca-481c-bc3d-c68a87d49f49
139,257,search,/list,2025-04-11T17:10:31,057eccfa-15f3-4747-90bb-5ed3c9765bdf
140,57,logout,/app,2025-07-11T18:21:07,ee7ae3bb-5034-4715-9706-c3cdda440dee
141,429,purchase,/wp-content/main,2025-05-26T17:52:55,5ce9a3d3-10e6-4383-9736-b50e4ebc5f60
142,447,click,/list/tags/posts,2025-09-05T12:36:09,4a2c7830-2cdb-4625-b41f-572156afd9ce
143,126,signup,/main/categories,2026-02-17T20:41:28,6a499f0b-29cb-41b1-a6ea-945ee16c77ac
144,370,page_view,/blog,2026-02-21T12:26:24,8fc93778-2885-40d1-a8e0-c8009e482e45
145,4,search,/tags/blog/search,2026-01-28T08:21:04,1d053081-f9e3-4f60-bfd8-027fe755b655
146,17,search,/explore/list/main,2025-03-20T07:30:02,790a474e-6185-421b-a156-df1722b6995e
147,347,signup,/tag/posts,2025-10-18T16:01:05,5cc53673-d165-4869-bcde-b1c8b028bafc
148,444,logout,/tags/wp-content,2026-02-15T05:02:25,f254a50e-7de4-41bf-b865-5d6105155381
149,241,signup,/categories/list/explore,2026-02-12T07:09:36,228ba68a-2d5f-4dd3-91a2-c64d5eb63bc5
150,37,signup,/search/category/main,2026-03-03T03:34:06,32773b28-ab3d-48ac-b5dd-b7d2ca7cd927
151,491,purchase,/search/blog/explore,2025-04-06T06:45:41,cca0152e-fbcb-4db6-9a51-ec625ace6550
152,453,search,/app/list,2025-08-14T06:04:27,d9ebb495-5d7e-4b5f-ab47-86c5fde02b7a
153,276,page_view,/wp-content/search,2025-09-23T03:14:30,7d5704df-0600-42c3-aa7a-109ee77ee2a9
154,367,logout,/list/app,2025-06-05T18:16:54,72ed257b-435b-4625-8e7f-b47fb354f19d
155,332,logout,/category/search,2025-12-25T01:59:29,148ae202-a8cf-40c8-b545-3946a81d0ecf
156,366,page_view,/categories/main,2026-02-27T20:29:40,92dae5a7-bc11-433c-82bb-c9159fc9953a
157,225,signup,/category,2025-07-30T20:34:47,6148ca39-7859-4906-a78f-980a331bc38a
158,424,search,/app/blog,2025-11-30T15:38:14,cd9afa65-5de6-4467-95ec-2b7860094db3
159,31,purchase,/list/posts/category,2025-07-15T21:20:17,b8180f1c-58a3-4011-b162-4df921e10ae8
160,416,signup,/categories/tag,2025-06-16T14:02:09,eb34e953-732a-44e8-a9d1-c99415538cc9
161,425,search,/main/tags/search,2025-09-18T14:44:46,cf8da52b-05e3-4107-9d0f-fe16e554674f
162,394,page_view,/main,2025-06-07T09:01:43,10a12a0b-5f96-400d-ad56-e616130cd65b
163,187,signup,/posts,2026-01-10T06:35:20,dd1ad072-165e-4fd1-8764-76513ca872f2
164,367,logout,/app,2025-12-10T20:18:52,57549c43-ce96-4698-bc8b-7eb7037146f7
165,323,search,/app/categories/explore,2025-08-30T23:05:24,c93fec2c-54b5-4773-9f97-3c95a189682b
166,226,signup,/main/main/blog,2025-05-21T12:08:28,14c69d19-ed33-49b7-befe-0e22eb0230a0
167,404,page_view,/main,2025-12-08T23:05:02,6ed7149f-00fb-4b90-9772-2cf0f38e6bc3
168,54,click,/wp-content/app/app,2025-07-07T10:51:30,79de06cb-3150-4323-8782-6633a01d9aeb
169,434,purchase,/explore,2025-09-13T09:00:06,781e2d35-2fa1-42bc-b4ce-5f319aff48af
170,389,logout,/blog/tags,2026-02-02T08:37:38,81f10d04-2f57-4e77-b148-c0070faf26b4
171,386,page_view,/main,2025-05-12T07:31:01,24d6281f-4365-4cb8-b29d-cf9ef9648a0f
172,370,click,/categories/wp-content/main,2025-12-25T19:42:51,d93eeb08-2fe2-4180-b02d-c72b13664d76
173,188,signup,/posts/wp-content,2025-08-05T07:02:23,4bf5cf0e-97a1-42a2-9606-be66a2a2d1a6
174,337,purchase,/category/tags/wp-content,2025-06-10T11:29:21,3da325e2-bc46-40bd-9842-20f1d3105f4f
175,73,click,/app/list/blog,2025-06-22T07:45:49,0fc64cf0-108d-4f04-a948-9bdac1199d43
176,408,signup,/tags,2025-07-16T16:51:39,9eae2feb-0f76-4282-bba0-4391e716eb38
177,108,purchase,/app/posts,2025-12-08T03:05:38,be8864ab-fa27-48f8-8312-5cdd722899a2
178,50,purchase,/main/tags/list,2025-07-23T09:42:12,ad9e392f-9b02-4f54-ae5b-4ff8b2b51b60
179,329,search,/posts,2025-06-14T22:33:38,7366c606-51ae-4d48-96f8-3aa7ba266e87
180,38,signup,/blog/tag,2025-09-15T01:57:43,503fe053-7d34-45ec-836f-00084cdcffaf
181,461,search,/explore/wp-content/tags,2025-03-21T14:27:20,77069f94-68e4-48e0-9a57-5306b0dc80e8
182,252,click,/search/posts,2025-08-08T14:57:09,76e26e93-e62a-4bfe-9e61-f70d76b00d9f
183,388,purchase,/main/blog,2025-08-01T18:11:10,df94a2f8-0644-4f36-b31b-38886b6ab820
184,176,purchase,/tag,2025-07-31T03:54:28,263e0670-a1d7-4730-9ec8-bcbbfd610d09
185,353,signup,/category/tag,2026-01-16T11:13:57,26aa7809-2c3b-4e9c-a7c5-d314a969e4fc
186,170,signup,/explore/wp-content/app,2025-09-04T10:30:47,32a02b53-565a-4a42-8559-0d60265fd5c1
187,359,purchase,/tags,2025-08-04T08:20:02,f487b599-d46c-4776-8db3-a04428876b7f
188,291,purchase,/search/wp-content/tags,2025-09-14T20:45:38,da024444-f284-46fa-af63-35bf6ecfaab4
189,305,page_view,/tags,2025-11-18T14:04:22,1b2391f0-f620-44c0-9a76-6ac40f4c7562
190,390,click,/tag,2025-12-04T05:05:21,2437e380-4a10-4f5a-9b99-f0127a09071c
191,76,logout,/blog,2025-09-12T23:02:24,7d91dbcc-6a95-4ce2-b766-3e35cdba2cac
192,148,page_view,/category,2025-11-05T06:33:16,4f844346-a165-437d-96ad-3649289a2abc
193,114,purchase,/tags/tags/tags,2025-09-26T17:02:23,5f942c43-b989-4884-9752-2610482a68ff
194,289,purchase,/list/category/explore,2025-03-29T12:50:07,6ac08ccb-5eb8-40db-b273-b7af0488a0e8
195,366,purchase,/search,2025-07-09T16:52:40,df331eb0-e8ff-461f-bbc2-9d89b0333c0d
196,158,search,/tags/list,2025-09-05T22:51:31,573bdf7a-8e14-438e-87d0-e6eec96c2090
197,82,logout,/posts/blog/list,2025-07-08T00:09:59,f89c591d-9280-4c97-a1f7-6e1cc8169e32
198,325,purchase,/explore,2025-10-21T06:05:18,d1d50a53-d035-4d19-bcad-34019c00cb52
199,244,search,/tags,2025-10-09T18:47:09,503eeaf2-04f7-4882-a3fb-8c1d7841b3dd
200,226,search,/list/category/main,2025-07-07T22:30:32,7672cdbe-7dae-4677-877b-fb5014d0945b
201,151,click,/list/explore/blog,2025-03-31T00:15:29,31745b78-c705-4d1e-a3bb-48b6731171a7
202,381,search,/blog/category,2026-01-01T01:42:34,392c5f42-3f20-4c22-b947-7aa80f1c0455
203,66,click,/app/category/tags,2025-10-09T05:32:57,f4e82b6c-45d3-408a-889f-884f2568221b
204,312,purchase,/tag/search,2026-02-11T00:36:51,cf8be8bd-d2fa-4b0a-b337-05f9894b9f90
205,440,signup,/wp-content/explore/tags,2025-06-27T19:50:30,e28065d7-bc49-4467-8f81-0db2bbc1686b
206,132,search,/blog,2026-01-09T06:16:31,ca6beccd-3f8b-4509-884f-0da6810e9d40
207,117,page_view,/tag/posts,2025-03-09T06:11:37,24e11716-3449-4318-82d0-1a0b4c55542d
208,436,click,/app/tags,2025-12-26T02:18:18,77064602-5e5e-44cd-9426-512f6be26493
209,299,purchase,/tags,2025-11-03T02:11:03,98063af9-282f-4cce-8e25-ce3d61cc06e5
210,76,logout,/posts/main,2025-06-19T06:09:27,b4cfdcd7-32a1-414d-86a4-9f8d74b8b222
211,7,purchase,/tag/main/main,2025-03-11T14:30:40,5397ff39-de24-4ec5-8d6b-a0191fb8e3c2
212,187,search,/tag/main/posts,2025-07-28T15:59:30,6f2ba37e-a0fe-451e-8684-e4388cd5219a
213,261,search,/search/wp-content/tags,2025-12-25T09:08:06,52f2978f-486c-480b-a4c4-582908d73827
214,446,logout,/posts/app/categories,2025-12-10T17:14:04,7f2632df-21c2-4510-b6b2-b13cb79f0581
215,208,signup,/main,2025-04-28T08:32:12,29d36291-85d4-42c1-9a2d-445326cd4979
216,317,click,/wp-content/posts/explore,2025-07-14T08:19:45,c037c059-57f4-4801-a9a2-e46614c6d16d
217,498,purchase,/tags,2025-08-07T13:57:23,6a961ac0-8651-42a6-8fe9-17808b8c6b6e
218,330,click,/posts/blog/categories,2025-04-08T18:25:23,28b82fa1-72d0-4649-b50e-a2b2d07a2b58
219,301,logout,/category,2025-06-01T07:57:12,aefb4b37-a50e-45e7-8e77-b6893d407ee0
220,161,logout,/app/tags/blog,2025-09-06T22:12:43,c22edfc4-3810-4177-8acc-09da0ada634b
221,192,signup,/wp-content,2026-02-06T01:57:31,52acde30-51c8-40ef-8026-43c4233e8b97
222,444,signup,/posts/blog,2025-03-12T11:56:39,7e029b3f-4a25-4ec8-83fa-363d829f8b39
223,332,click,/list,2025-12-07T14:20:51,1165ed7f-8cce-4653-aa39-6c71b276c469
224,446,logout,/search,2025-10-20T00:34:41,952e653e-3ac0-4784-b576-50f90937a982
225,247,click,/app/blog,2025-10-16T21:12:58,e609456a-8257-409d-9e3c-ff18e1b39d64
226,248,signup,/categories,2025-05-26T15:42:20,ea4a973e-01e1-4f8f-8946-5e5b26fa3d5c
227,8,search,/blog/search/categories,2025-09-19T10:12:39,339b2275-d5b6-4ac1-a8ec-cd72636f7abf
228,485,page_view,/search/wp-content/list,2025-08-04T12:04:02,739f51c3-490e-46f3-a684-b83b1e81c599
229,176,click,/tags,2025-10-25T08:15:49,8305a8cb-abfe-4fb5-a6c2-b716f7bd7750
230,159,click,/wp-content/main,2025-08-02T11:46:57,eede901c-be29-44f8-9b52-a1e6cdfc9ce7
231,115,click,/search,2025-12-25T01:56:15,4c71b0d5-bf4d-493d-bc57-003e91f91586
232,143,logout,/blog/list/posts,2025-07-23T04:39:24,a0493ed9-a5d8-4148-8deb-083b76ba4572
233,399,search,/posts,2026-02-13T17:47:37,37809a0a-4098-4e31-97f3-b054e266c16f
234,405,page_view,/app/app/posts,2026-02-02T03:35:08,f2612977-7fe5-4edd-b4d3-87dd557c9198
235,333,click,/category/search/explore,2025-10-24T17:46:16,7ddee37d-ebba-4a66-aa4e-4d28c0fce144
236,183,signup,/categories/search,2025-11-19T01:35:05,13e2738a-3f9e-47b6-b015-4f90db7be180
237,236,logout,/main/app/app,2025-03-24T10:45:46,46340607-f260-43ed-82de-c88fdb6f3ad4
238,468,search,/category,2025-08-24T20:44:00,f611c0ec-916f-4778-ba8f-3e6c61a4cd19
239,465,page_view,/main,2025-03-25T19:28:35,30d7509d-a551-424c-b71e-77825e388274
240,431,search,/blog/category,2025-06-21T18:03:29,4c26fd27-05bb-45e4-a754-08376ae06e01
241,434,logout,/main,2025-06-30T07:46:44,ee1cb89a-74f9-45ca-8341-fd0e244f802b
242,460,click,/main,2026-02-25T01:57:22,ae8c51f9-f3d2-4fd2-be87-dbaca2ff6996
243,380,click,/tags,2025-05-11T19:41:00,b98d15a7-160a-46e1-9cd2-7c9f03ac0d1b
244,187,search,/tags,2026-02-05T19:30:53,8eb4b40e-b1e6-4f11-946c-4404e2edbb63
245,17,signup,/search/blog,2025-09-07T07:49:43,273e54e5-b119-478c-bb3f-429710335eb4
246,321,page_view,/main,2025-08-06T09:47:57,098364e3-07a7-4739-a09e-ed33ad92abbf
247,488,purchase,/tag/tag,2025-05-11T23:47:57,e5bc89c0-93a6-4684-8365-99fcf91070e0
248,260,page_view,/list,2025-03-29T11:45:56,47e402c5-e05a-4a8a-8500-1e3ef59d2194
249,139,logout,/search/tag/posts,2025-03-14T12:00:44,df3ad6e8-f693-4800-859f-5497abd68d74
250,493,logout,/search,2025-11-27T20:42:23,feef341b-007f-43cb-8f73-5afa72af6a55
251,434,search,/app/categories/list,2025-10-08T02:12:25,cabe2348-7d10-457c-b3f4-5487f3bfde5f
252,276,page_view,/explore,2026-01-28T12:39:22,5d316263-4959-4f6e-8c1b-7e93be162e89
253,497,page_view,/posts,2025-07-25T15:55:31,8b6a4c97-78f4-423b-921a-537574cd4a41
254,229,logout,/tag,2025-11-15T19:04:37,8d0fe9b5-b9e8-46d0-9f0b-b32fe6ddbbe3
255,268,click,/main/blog/category,2025-05-11T13:55:04,77ad0afc-5f42-4866-a6db-005e9488c285
256,126,purchase,/posts/main,2025-11-21T06:05:39,acfb605e-7e98-4064-a3b1-9fd8c06cbd3f
257,409,search,/category/explore/main,2025-06-11T08:27:56,ecba63b3-5532-45c2-a33c-790ae28070d1
258,94,search,/tags/tag,2025-09-30T10:17:09,e3c60f79-2a0e-4060-ae2a-9c01dc9eec0b
259,480,search,/tag,2025-09-17T16:01:07,a0041dd5-fb93-4692-9c16-0e3deb159f5b
260,440,click,/posts,2025-07-15T16:52:31,beaad00d-d4fe-4f58-a1f8-75a48a4b4559
261,117,search,/posts,2025-04-28T04:54:01,34b0258b-cad2-47c2-90f6-4c6dfa2bdff7
262,368,signup,/category/posts/list,2025-09-15T17:42:07,1a93a3f1-8502-46c0-8abf-19038b435eca
263,91,page_view,/app/explore/tags,2025-05-07T23:36:02,b5b25ed1-af1b-4316-ba0e-681bbd5db7a4
264,312,purchase,/tag/search,2026-01-23T20:55:18,efda849e-8c67-43e1-9f92-09eccc027d43
265,283,purchase,/categories/posts,2025-05-29T02:21:41,68729600-bff4-4e06-99e3-f0f693b78bab
266,47,search,/posts/main/tags,2025-08-28T04:49:49,e52e1409-b1a6-4ccf-9597-ea1427dc0857
267,98,search,/explore,2025-03-05T06:01:26,8127a367-f822-43b6-8b28-f9c6e4a7ad11
268,426,page_view,/tags,2025-04-30T01:57:32,f33a72c8-b1e7-4ab9-927c-22f0ea74bb87
269,464,click,/wp-content/category,2026-01-19T12:11:13,18b9f0a2-a364-42e5-8abe-577935910434
270,268,purchase,/app,2025-03-11T07:38:56,3503ae05-1efe-4e73-8bb8-815707f6008e
271,32,click,/list,2025-04-01T17:22:08,f37590d3-73dd-4d31-80e1-0b5111285804
272,117,click,/categories,2025-07-21T20:44:32,b2a43bf4-02b4-4d26-a72b-0fa7a95da34b
273,300,logout,/search/category/wp-content,2025-08-18T10:35:59,7a7b029b-eb68-4076-96f5-f9cb9e87ad6d
274,245,signup,/tags/app/tag,2025-03-17T06:14:13,07f2422d-59fb-446d-91d3-649c7fffa983
275,51,logout,/blog/list,2025-08-01T01:19:34,1916f984-c510-497a-89fd-09b5c0bf3b37
276,452,page_view,/blog/tags,2025-07-19T08:32:12,7d84dae5-af52-45bc-b8ab-33f4f2f9ade1
277,164,search,/categories,2025-03-20T00:54:46,e7e77386-c251-40f8-bcc9-6b10f677fb06
278,38,click,/tags,2025-06-10T22:44:08,3ed1d8f8-153d-4c6b-9790-834b8b3236d6
279,245,page_view,/posts/tags/main,2025-07-30T12:56:12,9a861a16-3dca-4d82-965e-b679bfc1e2f1
280,227,page_view,/app/search,2025-12-31T20:09:32,37702be5-7381-46eb-9ac9-d4a4b43bf88c
281,244,click,/category/app/main,2026-02-03T01:34:12,ef7f6e3f-073a-4522-87e4-cbe5acdcb47b
282,52,logout,/tag/categories/tag,2025-11-30T18:12:00,eccb853b-cd22-4ff2-a35f-a3f390a71d24
283,302,click,/tags/app/tags,2025-12-01T04:19:04,e6faa03b-2c85-4f20-bdb8-aa1c8448d4ed
284,307,signup,/search/main,2025-06-25T18:08:07,1c13a1e7-6d3e-4848-94d7-a72899e305e5
285,154,logout,/main/list/wp-content,2025-09-09T20:37:21,c696e772-6326-4564-8175-105a3fc1428a
286,5,logout,/posts/list/posts,2025-03-22T01:24:33,570edab2-3932-4a07-aec3-f8e04d620050
287,221,page_view,/tags/tag/blog,2026-01-12T23:28:27,1db80b51-e962-4c3c-b2b2-d2f2b36651c5
288,369,signup,/wp-content,2025-04-28T01:57:19,f2591fc7-fa92-4f97-bd87-ff1121caafcd
289,399,search,/categories/tag/category,2025-12-01T10:53:07,8671e213-b55a-478e-8541-f3ca6e12bda9
290,100,logout,/category/categories/tag,2025-03-18T01:03:14,b3b966e2-8eaa-4112-afb0-c6654766229e
291,413,search,/app/main,2026-02-08T21:58:47,79810edf-5b8e-46fd-aa29-ee4cf2db83c8
292,315,signup,/categories/wp-content,2026-02-28T08:49:19,062c0692-1efa-41a0-a334-fcc4e022ede0
293,1,purchase,/main,2025-10-12T13:10:24,7233bf8c-324e-40f7-aa25-e8da2fd1843d
294,387,signup,/explore/category/search,2025-03-30T23:15:53,2f7d987d-a800-4519-8a3d-51ccf88aa20e
295,308,purchase,/category/categories/wp-content,2025-05-01T06:12:58,b393cb2d-bf23-4095-a21a-5dd04ce34923
296,253,search,/app/app,2026-01-05T01:58:18,aa7927f8-8649-44c3-9cdd-5a61031d45fc
297,91,purchase,/tags/app,2026-02-09T22:14:50,ebb511e6-51cc-4a40-a316-7b59cfbbf4e3
298,260,signup,/tags,2026-01-10T04:25:43,7989d78e-a9fe-494e-b04c-7b3936abeff0
299,264,purchase,/tag/main,2025-08-02T15:33:43,8a996027-a085-4656-a226-46f58d938a78
300,488,search,/wp-content,2025-11-19T02:07:33,25391b09-8286-43c8-9b9b-c56e2080293c
301,154,purchase,/tags,2025-09-20T09:33:32,90efb126-1295-43a4-bcc3-bcc7fd67eb3e
302,445,logout,/search,2025-11-03T11:58:51,a028dc87-d6fb-4a95-a9db-b362c0dfb921
303,128,purchase,/explore/posts,2025-08-09T20:18:38,0afc13fb-6e8f-49bc-809b-61e40f46bb11
304,141,search,/posts/app,2025-11-20T20:45:18,6409e93b-5fa9-439e-ae47-98d4b9fb97b9
305,288,logout,/tags/list,2025-12-20T18:00:17,9d69cf34-7ab7-478f-a098-75b2e8527018
306,159,search,/list/tags/posts,2025-05-05T02:28:17,49a1f7a1-8571-4253-9956-ad9b3dc87f79
307,226,page_view,/posts/tag,2025-03-17T00:36:26,15b83fa6-8fca-42a9-90fb-436c6ad5401e
308,388,click,/list/main/tags,2025-07-26T12:39:15,76e9efdc-47e4-43f3-a4ad-2b394702fe75
309,250,page_view,/posts/explore/search,2025-09-28T21:44:27,4ee26290-eb59-403a-93bc-06119af4ab8a
310,164,logout,/categories/category,2026-02-06T08:15:31,b1fbe012-96ed-49ef-b03e-5eb4d6e9fa04
311,241,signup,/explore/tags/tags,2025-10-13T22:25:29,174af825-564a-4062-b825-e2f02323f3de
312,84,click,/tag/category/categories,2025-11-05T05:13:27,44a9844f-a10e-4931-8068-6515101c778c
313,34,signup,/list/tags,2025-06-01T12:06:40,52fc6f48-e7e3-47c4-ad44-1085502426c6
314,345,purchase,/posts,2025-05-18T07:12:05,311cdad4-4e6c-4c79-b8eb-51b859382971
315,49,signup,/categories/category,2025-06-15T12:17:19,a8bb81dc-ab70-4385-ac81-4f559906d534
316,176,search,/posts,2026-02-13T20:59:56,c518c20b-cd5f-43f4-a3a7-b39dc971d849
317,352,logout,/search/blog/category,2025-10-01T19:30:21,cc4bbc6f-3457-48d7-9236-64ef8d8b1051
318,422,click,/categories/wp-content,2025-12-11T10:09:40,a37afc5c-4a9d-4213-a04b-1533b905a7b6
319,100,page_view,/search,2025-10-23T07:27:18,565e040d-d494-4414-a229-66c4ca39d65a
320,391,click,/list,2026-01-13T10:16:36,6441e11e-3ee1-4b8e-9fff-e8e67f387ce2
321,110,purchase,/blog/explore,2025-08-30T07:23:46,4135b443-2576-4869-9765-f41889939c6e
322,257,purchase,/app/main/category,2025-10-04T21:12:33,11092f7a-00d6-4c63-a4a0-f44bfbdebeb5
323,164,logout,/category,2026-02-28T08:14:37,fda8977a-ef4b-47a8-b46b-302f7ebbf6df
324,242,page_view,/tags/search/categories,2025-05-21T09:03:11,6d7e39bc-fb48-4c14-8d0d-e1364404fe9a
325,351,purchase,/explore/tags/tag,2025-08-02T06:29:40,2e5ce13a-23c5-4c31-9e93-eed6502a12a5
326,475,logout,/tag,2025-12-25T05:20:27,0a813e88-0df3-4a58-be83-3c05cd21fb86
327,108,logout,/category,2025-04-15T18:04:57,209ebc46-44b6-4c9e-8904-59d78c69e2e8
328,345,click,/explore,2025-11-26T17:12:06,e42cfe33-0a39-461f-b473-d9d36c5b059a
329,166,click,/categories/app/category,2025-11-02T11:55:29,6e078bdc-48c0-4d33-86f4-dccbb835de28
330,99,signup,/search,2025-05-29T15:05:42,c07126f3-9213-4643-9a89-8be79e49b057
331,403,click,/explore/category,2025-06-04T19:31:27,9588e38e-8dbf-4478-85e0-514826d6004f
332,437,click,/posts/wp-content,2026-01-19T11:08:15,9dc59ddb-8aad-470f-b401-0fe9621e1d14
333,313,search,/wp-content,2025-04-09T10:18:21,fa8a47d6-9d37-45a6-bd8e-880c923ccd64
334,81,purchase,/posts/main,2025-06-08T15:09:08,3df5516b-3891-47f7-a809-f986d86af8f9
335,490,logout,/tags/list,2026-02-24T09:21:27,00cfa44d-1b7d-4566-878b-640b38684ee5
336,243,search,/list,2025-07-02T19:50:32,99870266-dc63-4196-9463-20bc6f68d3b3
337,305,signup,/tag/wp-content,2026-01-28T01:42:37,71b2b47a-b661-4c50-a895-b96f14fdc3a7
338,400,search,/main/list,2026-01-29T08:30:26,05e5120a-6152-46aa-802d-7e7f9d741bb0
339,138,click,/posts/wp-content/blog,2025-08-21T14:20:36,57a03c17-8620-410a-a009-9d7aca226c56
340,478,purchase,/app/categories,2025-08-02T15:57:50,3499a783-9b47-4e77-b133-5445d695847a
341,242,purchase,/main/app,2026-01-24T01:18:41,2b1b0f52-60ae-4b09-aeeb-5608b2ed003d
342,190,click,/wp-content/search,2025-08-09T08:17:41,4a69ed38-b705-4692-bfaf-1b34462e27af
343,157,purchase,/categories,2025-10-24T04:56:00,0636f35e-f5ed-4ddf-b83f-1cd0e0b2f356
344,373,purchase,/explore/wp-content/blog,2025-08-27T15:42:15,638cf9e3-0599-41f2-8cd3-654cb68bbbc6
345,425,search,/category/category/tag,2025-12-11T06:18:01,16e6e8fc-6c94-4bca-a8c0-8c027200fc98
346,162,signup,/search/wp-content,2025-07-25T09:22:42,7a80fdd0-4286-4014-bf41-e2a0e95e8740
347,158,signup,/wp-content,2025-05-29T02:58:13,84653d5f-a51f-4e7c-95e2-f91bda889b20
348,289,signup,/categories/wp-content/app,2025-07-31T03:47:03,3a843b35-c2bd-4805-8c48-52175d549496
349,391,signup,/explore,2026-02-23T16:48:27,b20004fa-9d8e-40d6-97a6-013828a414a7
350,3,signup,/app/app/explore,2025-08-27T23:40:25,dbc6ac37-2442-40c6-8b0c-100c2626c97d
351,29,signup,/search/list,2025-06-01T23:43:44,854002b0-2aa8-4f4e-8fc4-e8cd68d2a842
352,182,search,/search,2026-02-06T14:19:37,929681b0-0d59-49bf-9ef6-3a80179f1235
353,413,click,/posts/list/list,2025-12-17T19:58:23,78623252-8c45-436c-89ca-4ae62d0aa95a
354,500,signup,/list/wp-content,2026-01-12T17:02:42,b6684e19-9a46-4e70-b204-c06df61a84b9
355,393,purchase,/main,2025-12-30T03:49:27,c87c1935-d139-46d8-84e0-137119fc9448
356,10,search,/blog,2025-04-22T05:30:39,c2c7bd49-8dae-47d7-b668-d540c7706e6d
357,104,click,/blog/main,2026-03-02T00:44:11,023d35cf-c972-438d-bee2-b11c2fd2908f
358,339,search,/list/posts,2025-09-20T08:15:58,81278cf9-803b-470b-854d-c5a9d034ce89
359,132,purchase,/categories,2025-04-26T10:17:04,27e9add3-7814-4492-8c60-4d992ac09858
360,427,purchase,/search,2026-02-02T15:59:05,92e8c8b1-5e00-4828-9593-5e799be5662a
361,13,purchase,/tag/tag,2025-12-05T20:05:49,297e86fe-3f8b-415e-b6a3-54091c20d86b
362,219,signup,/tags/app/explore,2025-04-26T19:11:14,876588fe-75f5-4328-8986-1a4a002593ed
363,167,logout,/blog/category,2025-10-01T07:19:27,8669ba60-e387-4b15-a765-e3bfb9ea8873
364,287,search,/explore/explore,2025-07-20T11:23:08,b7e62b4d-93d5-426f-9b03-2c39c950824d
365,103,click,/category/search/explore,2025-05-08T20:02:48,20514111-7fee-46c1-9ba1-17ce80ce9afc
366,317,logout,/search,2025-04-02T12:45:52,d789c624-5e14-401b-bea5-9d94998c603a
367,226,purchase,/main/list,2025-07-31T14:17:59,061cba48-5fa5-48d5-8cad-3598603de161
368,55,page_view,/tag/posts,2025-05-27T17:43:47,c016c62b-a371-4326-866b-1f526f7f6354
369,125,click,/tags,2026-02-04T00:41:23,bfcd3af7-c23d-4884-8a5f-ccf297266a28
370,167,search,/list,2026-01-07T06:51:07,246ec70f-3e97-437d-a577-e64d4d4e0bd1
371,246,search,/search,2026-02-18T23:13:25,66348a1b-7c9d-475e-80bf-5ca2706402bb
372,304,signup,/blog/category,2025-05-23T12:20:21,f5a98c9a-6a71-4ec5-a162-d1b7769ac892
373,488,page_view,/search,2025-04-30T12:58:31,19edcdbc-ec39-412e-a3d8-89fae5a456d8
374,400,search,/category/category,2026-02-21T04:36:57,df42ca29-a747-420f-a315-7b3462f563b1
375,200,search,/app/search,2026-01-17T21:37:14,0a5fcede-7a23-41bc-8d36-192983373b02
376,492,search,/app/search,2025-07-03T13:03:45,02d493eb-2a7b-45de-81b8-3de2ec073a4c
377,250,click,/wp-content,2025-12-19T02:11:53,0f54c086-4505-41e1-8fc4-5e9eb60afa9c
378,144,logout,/blog,2025-05-28T22:50:30,062e0778-5f0b-4135-8566-38c8a173e274
379,301,signup,/category/posts,2025-08-30T18:41:26,48f0fcb2-5398-4e7f-9f2c-7e7f58d0202b
380,31,page_view,/app/categories,2025-04-21T21:41:11,7ccde71e-c22c-4037-b03a-d746e22f3884
381,29,search,/posts/app,2026-01-01T16:08:37,90fc59ed-bfba-4b2c-ba89-c0b88c490e4c
382,176,purchase,/app/explore/explore,2025-07-29T18:59:02,709ac2bc-b6da-49bb-a91e-25a15484d865
383,276,purchase,/blog/search/main,2026-02-23T08:50:15,624695b9-9deb-4a4b-97db-46133242f61c
384,225,purchase,/category/app,2025-06-30T15:47:46,31ca528c-2208-4d01-b41c-7c7d0319f369
385,57,signup,/categories/tag,2026-01-19T18:37:11,8c0bdc3f-6d4a-4259-a6d2-4d46e21734c6
386,69,search,/search/list/app,2025-03-30T17:45:35,43f84fcf-0997-4b27-9bdc-fb3d29d4056e
387,38,purchase,/tag/app/tag,2025-05-08T08:00:29,1d3ea32c-7e54-4a1e-ac30-4971ecc11ecb
388,397,search,/list,2025-08-30T12:18:31,9de67f2c-57bd-4ee6-a63f-6d3acfcae6b9
389,212,click,/explore/list/explore,2025-06-13T05:58:44,e3a0aa3c-8c44-460f-8efe-59c393b91ea1
390,448,click,/search/tags/categories,2025-11-19T08:21:58,96fbcb7e-b770-4eaf-95da-108bae94c0b5
391,302,purchase,/blog/posts/posts,2025-06-08T06:47:50,6f125321-05b0-4ce0-909f-5fc439e82ba5
392,294,click,/search/explore,2025-06-29T17:58:24,fdc6aebf-b96a-4419-b906-dfde7fb63b12
393,288,page_view,/app/tags,2026-01-10T08:36:32,d2f62f9d-1b43-4fdc-81f4-d834dcf5d1fc
394,225,click,/blog,2025-05-30T20:48:20,e1789474-380d-4643-8891-e9bcd83060dc
395,168,logout,/tags,2026-02-19T13:18:25,b2879bdd-193d-4b13-ad11-b850273beecb
396,280,search,/categories/category/category,2025-10-11T01:18:34,3e141965-14c4-422c-8c90-cdc454ca6257
397,134,logout,/posts,2025-09-07T21:19:53,10fa62fc-a9b2-4838-adac-4484f2d058ca
398,272,purchase,/explore/app,2025-08-09T15:57:36,6a0a8302-276f-4e0d-aea2-8b15d0a7d3b9
399,354,page_view,/explore/category,2025-07-26T20:39:37,7c8c9267-3c55-4d3a-8ed9-92e01e4415f4
400,72,page_view,/explore/category,2025-05-27T03:21:31,3c304193-d975-4f32-ae1b-670f67c2e684
401,446,search,/wp-content/posts,2025-07-13T13:15:07,97ec147d-53bf-4311-9915-5bef28c0ce9b
402,365,search,/list/main,2025-04-05T23:39:17,26696e53-022c-4449-bcc8-39fbcbd363a5
403,161,purchase,/tag/list/explore,2026-01-07T05:15:24,26e21c56-a5e1-48aa-b287-b9a1cedf8af6
404,464,signup,/app,2025-09-04T00:26:45,4a9ab305-222b-462a-885e-05182d756dd3
405,383,click,/blog/explore,2025-12-01T20:47:42,1667b920-926e-4991-aa82-cac85b74c4d1
406,95,purchase,/wp-content,2026-02-14T18:42:36,09f81e6f-1997-4851-9484-2b4d4f4cea72
407,240,click,/app/app/app,2026-02-26T07:16:02,e5a5788e-2b80-41ed-8a1f-783a31372ca1
408,236,purchase,/posts/tag,2025-06-16T20:10:00,d63bca59-9d8d-4752-8a9b-0dc797e71b55
409,171,click,/app/tags/main,2025-08-31T13:45:24,284af9d8-428e-41ed-9a36-967d9b2dceee
410,347,search,/posts/categories/tag,2025-05-30T22:21:34,64b56f4e-0833-4cee-88a0-5e4fb064672a
411,133,purchase,/tags/blog,2026-01-13T16:44:20,8245b08f-f3a2-4957-9bd7-2a7c73d79809
412,310,search,/search/blog,2025-08-07T18:56:06,3c31285d-ee35-4ed7-8e95-50866b000e3b
413,478,page_view,/tags/wp-content,2025-08-31T03:58:19,096b9227-27bc-4004-b407-2f12261292e0
414,72,page_view,/app,2025-10-19T06:04:16,1b908e3f-25ce-4ac5-9e22-c6b2e0094827
415,329,signup,/main/blog,2025-06-22T17:19:40,51e844c9-b00e-4c67-952d-ad08c536c0a2
416,219,signup,/wp-content/tag/category,2026-03-01T03:30:53,abf0a4f1-f14c-46f2-ab13-b31aa4f19126
417,413,signup,/blog/search/blog,2026-02-15T19:58:05,5d3cd2be-08a9-4c0f-a7fb-859f79257d0f
418,409,page_view,/categories,2025-05-18T09:16:15,08087cc4-0c85-4251-90e9-00ff58578862
419,426,logout,/category/posts,2025-09-01T00:38:15,c8a22fe0-65c1-4162-b76f-fc87a8884750
420,31,logout,/list/tag/posts,2025-12-19T10:59:33,a88d37de-6c1f-4650-b517-272df7797643
421,192,page_view,/explore/posts,2026-02-05T04:03:42,de823285-01e7-40a0-af18-2049b329b6a4
422,290,signup,/category,2025-08-13T12:00:51,fd05bd92-e022-4432-bca5-192817dd0691
423,17,logout,/main/list,2025-06-06T05:38:52,f5020e2a-7ecf-4226-9a9a-9f1b8345d6d3
424,448,purchase,/list/blog,2025-08-14T07:18:01,a1ac78c9-025c-4425-8557-13d309d7cc9c
425,405,logout,/blog/posts,2025-07-27T21:18:08,7b98ac6e-1ac6-42bf-80b3-647856516ab6
426,252,purchase,/wp-content/main/blog,2026-02-01T03:30:06,46008f33-8146-41a1-be7a-38c6bc8e3e55
427,295,purchase,/category/categories/tags,2026-02-27T20:48:10,c50bd5b9-6f58-4316-b258-60479cbabeda
428,325,page_view,/posts/tag/blog,2025-10-03T12:01:31,c17a608e-ff2d-4318-89ee-49ed4a4a1b64
429,377,page_view,/app/search,2025-08-10T05:07:02,cab5e9f3-f70f-4c0c-a085-df4796ddb159
430,290,page_view,/tags,2026-01-21T04:27:35,76aac248-edd6-4dd7-aad0-9369e0d3f7c1
431,499,logout,/categories/explore/list,2025-05-30T14:02:31,e43a3562-4cdf-4063-83c3-698873037257
432,400,page_view,/list/posts/blog,2025-10-16T02:23:35,0118d2a5-43ef-4542-a512-6fe3410f71df
433,273,click,/wp-content/wp-content/posts,2025-06-05T19:55:21,0c3a3ed8-6e15-4f71-8093-7ba065a07e43
434,409,logout,/category,2025-09-28T21:25:49,f09e64ef-8bea-4f03-a645-3b43d07e22a1
435,434,page_view,/app/list,2025-12-14T14:11:37,c9b9f6c0-a3d8-43ec-844b-a50dcb6cda6e
436,294,signup,/posts/tags,2025-09-13T21:26:49,88ba1f6f-36a2-4607-9486-6e3cfd267a93
437,313,search,/categories/posts/list,2026-02-27T11:57:24,b9c8ddd8-8f8d-4ef2-a397-3de4fd414341
438,98,page_view,/wp-content/tags,2025-03-10T12:55:37,542a965f-1465-4466-adf3-be7aaf61aae1
439,393,search,/wp-content/tag/main,2026-03-01T14:46:50,2b451121-4218-4371-bb23-e712bfd95996
440,221,purchase,/search/search/main,2025-08-17T15:15:51,5c86a6f9-29f5-443d-baaa-58f6343f75d0
441,239,signup,/category,2025-07-03T05:08:46,8c76560f-b109-4971-8ad5-7402ff75659e
442,456,search,/app/explore/list,2026-01-30T07:17:10,3d533dee-f41e-4e7c-80da-1e3fefe5f873
443,78,search,/category,2025-05-13T12:35:36,56685b02-7387-4896-83d0-81781d05ddbf
444,170,page_view,/blog,2025-12-27T12:06:11,771db808-88db-439c-878f-c57dd5cf18c2
445,94,search,/main/blog/search,2025-04-06T08:34:57,5a6df285-178f-48eb-89fb-e7f15b33cb3f
446,295,purchase,/categories,2026-01-12T06:32:32,40121516-f1e7-4280-8b99-12823075f9af
447,233,logout,/app/list/posts,2026-01-07T02:39:04,103d24cf-fdfb-4585-961f-e564c4384a7e
448,400,search,/wp-content,2025-07-15T21:04:55,b0850679-d0b2-4f98-85a7-797f290c07eb
449,379,signup,/wp-content/explore/posts,2025-07-19T11:35:27,63a7bc90-da7f-424b-9716-164007a04246
450,456,page_view,/main/categories,2026-01-14T07:04:48,30ad41bb-2ae2-49d1-b65d-395b67079421
451,206,logout,/tags/posts/blog,2025-03-31T00:01:34,3a0c5dc9-bea1-4713-be36-b4bff9e421bc
452,151,page_view,/explore/posts/categories,2025-08-29T19:58:07,5e6e5122-a47c-4cbf-927c-9dea63247e63
453,320,signup,/app,2025-03-19T03:32:56,922913f1-00f3-4866-b026-0bb173f1df26
454,10,page_view,/app/tags,2025-07-27T16:46:04,bfee7aef-6a60-4a4b-96b6-b8cca6124e53
455,116,purchase,/tag,2026-02-02T18:57:14,d7d050be-2253-4aa4-95d1-52b076a6b583
456,219,click,/posts,2025-09-23T04:00:41,97c75839-1dd2-4b24-8420-c72d8fb8b736
457,133,click,/tags,2025-09-13T00:06:03,b9d4d2d3-8d35-450c-bf02-bf748db7c020
458,300,search,/main/posts,2026-01-04T07:52:53,3efc5196-512b-4c10-a359-3aecd5d16ae2
459,394,purchase,/categories/tag,2025-03-20T03:24:12,f0657d73-0e0e-475e-9b48-732fdbd0f097
460,273,signup,/tags/explore,2025-11-30T06:47:20,ffd0dce0-612c-4b0d-90d1-4782421ebad4
461,335,search,/category,2025-07-15T00:56:57,130bb2a3-fb37-4648-a97a-c96dd9885d2a
462,103,logout,/category/tag/blog,2025-08-10T00:46:45,48ffeea5-fb33-440c-86b1-9eec05d1c7ad
463,474,purchase,/wp-content/main,2025-04-27T09:21:32,997bd7bb-9a58-431a-8663-686eee70e803
464,458,search,/tag,2025-04-18T01:11:30,c49b9178-43a2-49e4-b981-f289185c39ed
465,445,logout,/search/main,2025-10-14T21:00:39,142ec8b0-cce5-4711-950c-e8353659fa8c
466,79,click,/app,2025-06-20T09:46:24,8cda74ec-c2b8-4fc0-976a-64da4fbdb622
467,396,click,/list/app/blog,2026-03-03T05:15:01,8bcae422-b0c3-4157-9ecc-020993cdfce8
468,106,purchase,/list/tags,2025-04-13T00:35:47,ee481499-c096-4be4-a755-978de5341283
469,93,page_view,/category,2026-02-24T20:39:41,a86bf8b5-17cc-476c-ab90-5645e0c2442e
470,14,logout,/search/app,2025-03-31T17:14:29,969b1bad-f1d7-49af-b2f0-9a8c1825068b
471,309,page_view,/main,2026-02-14T04:56:24,cf3b6e13-781f-418a-8ae2-e88e7a1b2bb4
472,400,click,/category/main,2025-05-05T16:39:20,e52053b6-8faa-4da8-b08d-5f51974232a6
473,277,purchase,/main,2025-07-12T18:09:32,eb0cbd6c-a603-4997-af64-a0ad2b1af06e
474,489,page_view,/blog/main/posts,2025-09-03T16:07:39,206ce216-b54a-426d-ba8f-459237ea3bed
475,168,purchase,/explore,2026-01-18T07:42:00,3d1401de-827a-4e2c-aeb4-eb8edd23a782
476,476,click,/app/categories,2025-06-19T03:56:33,c6b92071-bad7-4868-8b6e-e77493a2014b
477,337,click,/tags,2025-10-03T16:07:55,360496b6-6e02-4590-8f32-fb393ce7c807
478,104,purchase,/blog/wp-content/categories,2025-07-16T17:16:36,973cb616-f945-4fd4-a78e-a95f22deb12c
479,84,signup,/list/search,2025-06-09T17:36:06,1fe8fbe4-e3ba-456c-9b2b-fd4f9dcb65be
480,139,click,/tag/tags/tag,2025-04-18T12:43:01,bf2d57e1-30f0-4f6b-973a-905867d1cb6f
481,480,click,/blog/categories,2026-01-15T07:39:24,f798bd22-1eb6-43f0-9488-41cba40cd0ee
482,396,purchase,/wp-content/blog/wp-content,2025-06-10T02:35:56,127ba660-bb33-4cf7-8beb-a1debeb07722
483,14,click,/category/explore/search,2025-04-17T18:06:07,35cffe16-a6df-4693-80b8-a88f9317545d
484,450,signup,/main/blog/category,2025-07-15T14:08:43,25a0f9e2-24f6-448d-b273-799834d244cd
485,64,signup,/tags/main/category,2025-08-11T16:26:51,ae2917c1-84d4-45df-a8d6-514760f41905
486,14,signup,/tag/wp-content,2025-11-06T15:34:38,5a69e2c6-63a3-4592-b4ef-a156255ab787
487,445,search,/list,2026-02-01T06:39:57,7d6af5c4-3e26-43ab-a98c-b9cff25f3382
488,438,search,/explore/tag,2025-06-10T22:18:54,289a580f-76ad-47f1-aeec-50cb00c85e9a
489,107,signup,/app,2025-12-20T15:21:21,342ed9b4-4a00-4e99-8637-584475707bd6
490,26,signup,/main/search,2025-06-23T02:22:39,c4e0b1c7-6d18-40e9-ad53-cf3047820b9c
491,225,signup,/tags,2026-01-04T03:40:40,9623d848-10b7-4ccf-8793-5d69c33bf03e
492,102,click,/category/tags,2025-08-26T12:38:55,468ebdf8-dd25-4141-b03d-01eb336fc177
493,395,signup,/explore/search,2025-09-07T13:39:25,222c2fd2-e7a1-46d2-b029-3dbb3876fdaa
494,303,page_view,/search,2025-11-10T14:21:26,fc8ad016-3808-4dba-a273-f1647c641c58
495,48,click,/categories/explore/main,2025-12-10T02:56:12,b09dcd19-413b-4e20-85a3-a4735eeefb7f
496,260,logout,/category,2026-02-02T18:54:45,4f6a648f-cca9-4f81-8438-1157a885f19e
497,371,logout,/category/app/explore,2025-04-15T14:53:26,40898b7c-4866-4469-a616-29803dc0f8cf
498,63,click,/list,2026-03-01T17:28:49,930cc62d-9d14-4109-9b18-fefb8e534765
499,388,click,/explore/tags/explore,2025-03-06T07:53:10,53cef524-0502-4ad9-b568-384d262b2cda
500,62,signup,/posts/tag/category,2025-09-07T19:53:31,bb8cea35-1bc4-4161-aff7-9a573183eab0
501,380,logout,/blog/tag,2025-11-30T07:54:32,3310401b-9610-43cd-859d-f649cdf9d1d6
502,184,search,/category/list/tags,2025-10-10T01:32:02,78cb7469-6142-494a-9899-598d5b5cfadf
503,163,signup,/wp-content/wp-content/app,2025-07-13T13:35:38,3dbd210b-c249-4241-b8ac-9c5e5b5c87cf
504,98,click,/category/wp-content/explore,2025-03-11T09:37:09,90ae41e4-1a6a-4169-9386-5151b0921979
505,47,logout,/search,2025-08-11T12:47:53,7792be47-3478-4752-8b3b-81a9ddd652a8
506,185,signup,/categories/blog,2025-04-13T20:54:37,8c6ef4cd-f9d6-4e8e-bd61-de15ae53719c
507,131,logout,/blog/wp-content,2025-05-27T08:04:01,095fa845-18cb-413a-9ef1-cb5b37edae1a
508,58,signup,/app/tags,2025-04-20T17:32:05,96b0356c-a49c-487c-87c9-021ffdc6dba9
509,9,page_view,/list/main,2026-02-26T16:44:15,17f04802-1e68-4eac-9c9d-39253c98fe89
510,195,signup,/posts/categories,2025-11-04T08:10:11,0b4ec2ee-3dbf-4049-82cb-0bc7f0329337
511,205,page_view,/blog/categories,2025-11-15T06:55:12,01a0960b-ba89-434b-b224-7627c1e0248e
512,182,purchase,/posts/wp-content,2025-08-11T22:48:20,16b5b5fc-199f-4b17-94ab-a577e3311ee6
513,485,purchase,/categories/explore/search,2025-08-17T21:22:53,5b5dc6ed-ef45-49fb-9955-5d44b245e656
514,429,page_view,/categories/main,2025-12-16T23:31:17,925b3545-a090-4a10-bb0f-79e518f67e0c
515,223,search,/list,2025-06-19T22:03:27,282e25e3-d283-4c0d-ac0c-a9c0314a9ace
516,154,click,/explore,2025-03-22T13:48:04,d3c874bd-3223-4f5d-adec-9b01bb8133fb
517,360,page_view,/search,2025-04-25T12:39:06,a962a21a-0faf-4a84-b5fa-99f24b851e26
518,334,search,/wp-content/main,2025-04-19T19:09:13,344410e5-b95c-4eda-a988-a44db9ca5928
519,415,signup,/tags/list,2025-06-29T08:52:58,2767ec01-6e8b-4bd6-afcf-7c8ed5b1f09d
520,449,signup,/app/list/tag,2025-03-07T23:31:02,8874a1c5-08fe-4f40-9fe1-91732bdf3df4
521,9,purchase,/list,2026-01-26T08:56:13,15b73e01-1bc8-41bd-ab9c-7e6be4951ebb
522,374,search,/search,2025-04-02T10:51:45,6f4327cc-1bc2-44b4-aa40-e733275b7c2c
523,460,purchase,/explore,2026-01-14T14:26:40,852fe1b1-b6b4-48e7-8421-c1e12a8b5fc8
524,24,click,/categories/blog/explore,2026-03-01T23:49:30,eac98c18-f63e-4ed4-a623-3aa197788819
525,434,click,/explore/list/main,2025-10-21T19:27:42,3730bf79-913a-47af-a917-9e028868b644
526,91,logout,/tag/tags,2026-01-07T15:45:46,429e5882-50d3-41d6-8778-09ce71f07cbe
527,5,click,/wp-content/blog/posts,2025-03-12T19:08:23,60227afc-4ba8-4162-a7e3-9166323eba41
528,266,click,/tag/main/categories,2026-01-08T09:20:04,0dc55340-e69c-4b5b-a074-95abb1cbe822
529,72,search,/explore,2025-12-01T23:27:11,1cf85fc4-db6f-4f8b-b316-891d88964456
530,241,page_view,/tag/list/categories,2025-12-16T11:30:44,8498a96b-0d86-40ca-a29d-a816d1138946
531,32,logout,/blog,2026-02-08T03:30:24,3d9049bb-205d-4635-8c87-858c3b5745df
532,411,click,/blog,2026-02-01T08:25:58,12fcff49-e269-4a73-8b2d-fd839b5de3c9
533,444,search,/blog,2025-10-05T12:03:55,899df4da-866b-4f44-96d0-0a821564b478
534,339,purchase,/category,2025-06-14T10:28:14,d3ff0631-22dc-406c-8c85-328e5502ec67
535,191,logout,/app,2025-08-18T03:06:49,348e90ae-d680-4541-99a9-a8347d91f485
536,213,click,/search,2025-12-01T09:31:39,25d7ad5e-8498-440a-96e1-cf6ba2e13d75
537,215,click,/tag/tag/tags,2025-04-05T03:35:02,75fd7d83-5264-43ba-8298-823abcdc99ef
538,90,logout,/list,2025-06-20T07:52:31,07ab7770-5672-4b4c-98e3-cb62fe24fcd4
539,495,click,/app,2026-01-01T23:02:16,b0ddbe62-aa35-4738-867a-56e306fe8fcf
540,380,search,/explore,2025-03-16T19:19:34,c1ef5aef-2a38-446e-928f-234615690641
541,93,purchase,/posts/tags/app,2025-05-17T23:19:46,19279b44-ce2c-416b-b3fd-9e327b1463c9
542,451,page_view,/posts/categories,2025-07-27T07:28:00,bf9bd810-a17f-4016-8997-5b860ea7c6ed
543,403,click,/app/main/category,2025-07-30T05:25:25,ea0ce0e1-cb70-467b-9d7a-f727ac13e4e8
544,16,signup,/tags/posts/search,2025-04-07T01:06:07,99b06cf9-25df-41fb-9011-6cb38bb7ecee
545,105,purchase,/categories/tag/tag,2026-02-21T12:38:46,2cfc4fb4-268c-4b15-939c-4fd6c49acd85
546,207,search,/categories/posts,2025-07-05T00:13:08,81d42b2f-0a56-4d1c-b808-26ff61235319
547,192,purchase,/tag/app,2025-03-23T23:48:43,e2c350af-42e3-47d9-a97b-43bd00b73636
548,319,purchase,/categories,2025-07-17T03:22:59,5c89158a-16b4-4b0c-976b-d523a2fcab34
549,15,page_view,/categories/categories/category,2025-10-09T16:01:19,2636c245-69b8-4f33-bc5d-815e1f79260c
550,170,page_view,/categories/explore,2025-07-26T13:04:31,4f64710a-5dbf-4b1f-8c8b-2089a94c8612
551,456,signup,/posts,2025-07-28T18:45:18,b6db95fb-8d73-4aa2-8ab8-32eabac70b9c
552,18,search,/list,2025-09-03T11:02:03,3d8a3090-353a-444d-a81f-95150d93d08b
553,447,click,/tags/tags,2025-08-30T16:11:56,ffad7df2-c959-45ec-9ae6-54b79e3b37e6
554,468,signup,/posts,2026-01-01T09:40:27,db2d0fff-f047-44e9-b3fe-b7dea2e0f358
555,24,logout,/wp-content/app/search,2025-03-23T06:24:52,6444ea5b-dd81-4c65-9f56-4aa2ed9a7dd6
556,194,logout,/list/main,2025-10-06T20:50:17,0145d3df-bd0e-4e4e-877f-867cea4cd607
557,370,logout,/tags/search,2026-01-31T19:46:52,f2cd4e4b-8c27-4f18-ad6d-0a43a4ce98ef
558,87,click,/tag/explore,2025-09-21T06:47:54,c38bdbdd-b7da-4c68-a0ca-5ead31a08f66
559,52,page_view,/blog,2025-11-11T13:51:57,3e0299f6-448e-4117-a653-4f79106d2d9c
560,179,click,/list,2025-03-30T11:15:24,9e7badb8-666b-40ee-b257-4bf724396800
561,48,signup,/search/wp-content/categories,2025-11-20T00:36:54,685b2cbc-4eb8-48dd-bb05-70e4aabf222f
562,34,page_view,/main/wp-content,2025-08-15T01:17:04,5e460f1c-2169-40d1-b78c-bafcc1a8a33b
563,496,signup,/blog/categories/wp-content,2025-07-03T06:00:33,1508faec-4079-4ca3-873e-54abf5f5431f
564,238,signup,/list/posts,2025-06-26T06:36:45,63cf3b51-a1b2-47e5-bb72-025bf209329d
565,439,logout,/tag,2025-12-21T09:42:18,ddc418d2-4a65-4a7d-81f5-e0145fa881b0
566,226,click,/wp-content,2025-08-08T15:18:07,acfe02ea-b89b-4722-baa4-ecd7c9e58ebc
567,439,logout,/category/blog,2025-06-27T03:11:26,e953ab78-dd8f-4010-b58f-56a031116b6a
568,415,search,/app/main/category,2025-08-11T17:03:05,4a64cfcc-dcf3-45c6-87a0-29aecac6a853
569,1,purchase,/categories/posts/categories,2026-02-24T13:19:38,bb146720-39d2-4141-85a4-35cb05c208e0
570,244,signup,/tag,2025-06-06T18:52:59,84cc98eb-803f-4f00-b289-35e78e5bef68
571,461,purchase,/category,2025-07-11T18:44:57,7736fb28-225e-45c8-b8f4-31f9b9ba04a8
572,66,purchase,/posts/app/blog,2025-03-19T14:22:30,0eb9daed-a39a-44df-afd3-ec8b4a298783
573,337,logout,/wp-content/list,2025-05-25T03:54:12,5ae57068-d2ed-4291-83da-1521f840596b
574,188,logout,/blog,2025-06-13T02:33:54,b5790849-e22b-42f8-90a8-ad59964d9921
575,343,search,/categories,2025-12-12T22:07:24,ce529b86-2433-480d-8e84-37fc38cd0ced
576,50,signup,/main,2025-04-10T17:58:10,86b5ca8f-746a-48dc-9990-1c0db6181e8e
577,253,search,/blog/posts,2025-10-02T10:26:15,32d8aff9-f9c0-4882-9b40-bb900c5f606f
578,426,logout,/posts,2025-04-09T12:33:06,7e19cad7-32af-4b95-adc4-b86da180ee9b
579,101,click,/wp-content,2025-08-09T07:17:24,39c8a117-ffdb-48d7-92b1-731ba4df08c5
580,113,logout,/categories,2026-01-30T23:54:26,f4ca37a4-13ab-439b-b92e-2cab08e5dd93
581,67,click,/posts,2025-12-25T16:47:51,f632090a-c226-44f4-bf25-877881403ce5
582,116,search,/explore/main,2025-09-15T11:10:34,8d73e7aa-c766-4d63-a83e-1858dbbeb0d9
583,43,search,/list/list/app,2025-05-15T19:11:49,ff4ca29e-06cd-4e3b-9202-6202356d9896
584,49,search,/posts,2025-04-15T11:24:38,1cacfd9f-6a3e-4d4f-8754-7e4d55a79731
585,207,purchase,/main/tags/explore,2025-06-07T22:18:31,78e6e25e-5577-426f-a096-26bab03ac41d
586,455,logout,/blog/search/search,2025-10-22T12:15:45,e86e8c8d-b98b-46f3-b5da-b6fe1ea4b89d
587,54,click,/explore/list,2025-11-24T03:39:09,9c1817a3-5e2f-4318-a44a-79cd36b528a4
588,116,purchase,/main/app,2025-07-03T21:19:17,1f884ed9-cefa-4f95-9227-557d9a8b8524
589,95,search,/tags/categories/main,2025-06-26T12:22:28,87a6c63c-65a1-4e9c-bb39-b8aa39d0eb01
590,338,purchase,/category/app,2025-04-28T02:46:43,31d83f78-6843-4031-bf36-fe7fc1ab5f4c
591,169,search,/explore,2025-05-05T06:08:03,9a1a59cf-9b48-4ff5-b730-9e25f10cb4f0
592,499,signup,/main/wp-content/search,2025-07-14T04:00:37,415155db-179c-4a64-93a5-893a6b13ad0a
593,343,logout,/explore,2025-12-19T17:50:16,214b1e1c-4b40-4399-bb10-f0bedb768604
594,267,logout,/categories/explore/app,2025-07-25T11:37:36,cac29f1d-c72c-4764-8570-ea72a16700f7
595,296,purchase,/wp-content/explore,2025-08-18T11:57:26,be66de49-ca6d-4803-b75e-a48f6f747d68
596,390,click,/blog,2025-11-29T10:05:34,20f8260c-bf10-445a-9dd3-c5d218927ebd
597,168,signup,/posts/app,2025-03-21T09:24:49,fd8190c8-dff4-4c91-b164-6c14f1a0051f
598,192,search,/blog,2026-02-11T16:40:53,65d8350a-63fd-407a-9c7f-9aef3403bfdf
599,75,logout,/main/list/app,2025-05-03T19:46:31,52044e75-129b-4e2d-b4a4-1600af562306
600,378,page_view,/wp-content/explore/posts,2025-06-11T16:10:12,0d5348d1-5b15-474d-972d-3274e5c22467
601,383,signup,/categories/wp-content,2025-10-13T04:16:51,d8f148fb-a05a-43c4-bc42-43c71bd8978e
602,324,page_view,/tag/categories,2026-02-18T11:36:42,fbe22c49-35fa-447f-9f05-90b524812872
603,407,click,/posts/search/explore,2025-04-19T00:04:05,8df5b9a0-e577-41b6-8dd3-59823dfa45fa
604,94,page_view,/blog,2025-08-25T18:49:03,4c6694ab-57b5-4de2-b1ae-84bec7be05c6
605,74,search,/tags,2026-02-03T02:39:38,bc95a041-8cdf-4034-a9a8-4c51aac782ac
606,18,click,/main/app/wp-content,2025-07-28T09:13:15,0daba507-1fc7-437c-b94e-b6f89d506e83
607,83,signup,/list,2025-07-26T22:21:49,049f32c7-b1a7-4537-b0ec-70747397b987
608,166,page_view,/posts/categories/explore,2025-10-16T14:19:21,4a12d0d4-cda4-4f85-9099-5969b521d095
609,293,signup,/categories/explore,2025-12-07T13:30:51,4157abec-fdec-458d-b3fe-e1a3fed024cb
610,248,purchase,/posts/category/tags,2025-10-13T11:13:59,6bb57af7-a03f-437f-b14d-a3ea9fafc17e
611,97,search,/categories/category/posts,2025-06-28T03:13:29,9acb0045-a449-4efa-8d7d-a747d48d5f9a
612,446,logout,/blog/blog/posts,2026-01-30T18:12:32,85afb680-e39f-4cc7-96f3-9bed74c9abd9
613,208,signup,/main/posts,2025-10-15T23:44:41,919a5591-f3b2-4598-a303-d14f62544d22
614,110,signup,/wp-content,2025-07-11T07:35:18,05722bc5-4b5e-4a40-9a5a-897790ba1d38
615,319,purchase,/list/categories/posts,2026-01-31T18:44:43,e3fa6893-2cd4-476d-b40a-b6cf31c78a33
616,280,signup,/main,2025-05-15T20:22:10,d1c1f266-ce9c-4015-87c4-0854d6d4eb06
617,61,search,/category,2026-01-02T03:31:01,6e0c42e9-f817-4896-86b9-8ce2242bba10
618,144,search,/categories/explore,2025-03-26T06:59:04,05e0c019-b31e-420d-9f49-ab896866d52e
619,394,logout,/tag/category/main,2025-12-26T15:31:17,07d02e2c-e440-4398-b8eb-71136aeea07a
620,474,purchase,/tag/blog/search,2025-12-11T08:22:37,386bf5fc-9b52-4a4d-851e-4fe83a6570b5
621,173,click,/blog/tags,2025-07-23T12:42:15,f3377b9e-e605-47ef-be74-47a2a672d32f
622,131,purchase,/main/list/posts,2026-01-23T16:17:04,d3f8b32d-48e2-4143-bb1e-aa6ed19b1b23
623,414,signup,/tag,2025-08-10T06:23:01,fb4a0283-1e28-4c97-a9e0-917fe324f5db
624,396,logout,/explore,2025-10-10T22:27:59,07aa240c-5762-4a6f-af24-564d9c296b78
625,234,search,/posts/posts/category,2025-12-26T09:07:27,258861bb-ad32-47c6-8b64-612c5bd537b1
626,50,search,/tags/main,2025-10-04T20:33:42,583f66bd-60d8-439e-92aa-71d561e72ff5
627,439,purchase,/tags/explore,2025-05-28T03:37:31,cf09b990-7b5f-4427-8fd1-bc4e03d2a7ca
628,391,logout,/main/posts,2026-02-10T15:58:39,cea6c978-30b6-4f93-8438-c125254dbefe
629,135,page_view,/search/category/explore,2025-04-20T16:40:54,c6f7cc83-3129-47af-97e3-05d5407e8506
630,401,purchase,/category/main,2025-10-19T05:24:04,d98a1a6f-4f8c-457d-85ec-d23ecbd93d47
631,219,search,/search/list/list,2026-01-22T08:12:33,c098e2b4-7a79-4ed4-aa0b-fd9ff58f9bdd
632,14,logout,/app,2025-03-07T13:10:35,6f2ae2fd-838e-4be4-9a2a-4996aaef7529
633,65,page_view,/category/list/app,2025-03-26T10:30:41,c3649c91-faca-40d4-956e-09491de58d73
634,117,signup,/categories/app,2025-11-19T13:36:55,55b82364-9ca4-406c-9076-ddad317e43a4
635,425,page_view,/app,2025-03-30T17:42:20,9cb076a2-0e55-4d71-871e-b65c600c8bc0
636,62,logout,/search/search/tags,2026-02-01T04:05:11,7400c7a1-0de8-45b2-9246-cc34bcdbe579
637,365,purchase,/posts/list,2025-09-23T16:04:05,f30d6ea3-951c-4200-9f30-f2f53226786f
638,65,purchase,/tags/tags,2025-03-24T13:17:24,a333639f-3873-44c1-9e4c-e90bbadfbb75
639,158,signup,/search/list,2025-08-23T03:37:09,64076750-4810-4252-994d-4c03715474b9
640,224,logout,/app,2025-12-07T10:22:10,23c560d2-e2ab-46e3-b2f3-4ed1f163ebe1
641,482,page_view,/category/list/blog,2025-10-22T14:29:54,8e32ebbf-04fb-4e52-9834-75e1231f1676
642,495,logout,/explore,2026-02-06T20:16:32,d3752185-a019-49d1-b998-d3017df9e116
643,94,signup,/explore/explore,2025-05-06T12:50:01,9a0f7242-eeb7-491f-b304-08fa90bf747e
644,420,logout,/category,2025-03-13T20:22:26,acb4b5c3-8623-45ca-afc3-584265b411ed
645,100,click,/search/explore/wp-content,2025-08-28T06:48:34,21f66088-efef-4246-96d4-f2f73b6bc3b7
646,431,search,/category/explore,2025-05-22T17:00:35,66bc6735-f605-470b-aa73-23915840f425
647,114,page_view,/tags,2025-10-02T13:18:13,02b964d6-76d9-4b12-9443-3a8eed5acddc
648,102,search,/wp-content,2025-11-23T08:11:26,29d374d6-9a59-4f63-941e-c6591a062a0e
649,382,purchase,/categories,2025-04-17T18:09:45,3cebcc1d-6c01-4c07-8016-215d3807ef3a
650,270,logout,/explore/search/tag,2025-10-03T02:36:28,60404c51-584f-441f-b9f7-852c92ccadb2
651,400,click,/search,2025-05-28T18:44:23,aaf9ee3e-e432-437d-9307-afb6728ea994
652,289,logout,/search/search/app,2025-05-09T12:48:21,0c3badd8-52b1-4d01-942c-aa0cdd53abe1
653,269,page_view,/categories,2025-06-27T04:54:00,d1452528-f91b-4d40-8b02-215682a0f6e9
654,410,logout,/categories,2025-06-19T23:18:18,3c8bc189-0d8a-4cc6-beb3-a85548e61273
655,186,logout,/wp-content/search,2025-04-13T11:35:32,1bb868d5-88c0-43d7-b86c-014f65fae4a1
656,118,search,/tags,2025-12-17T18:18:34,836d943f-aad2-4f81-bfe9-9b4fca7ad5f3
657,485,logout,/wp-content,2025-04-03T05:10:58,a3999919-2956-4d7d-957e-4322039663d0
658,86,purchase,/tags,2026-02-15T07:37:59,d3cb6d14-8947-494f-96c8-4002d2152070
659,82,page_view,/main,2025-11-04T00:19:40,ee3ada8b-84f9-40cb-82d7-57a83181b49e
660,349,click,/wp-content/categories,2025-12-15T06:57:03,bb31caeb-c8ce-44bb-bdc6-3851d46a537b
661,326,search,/tags/wp-content/tag,2026-01-19T22:27:22,8a137d8d-d292-4079-9fee-84b13b4c0646
662,440,logout,/main,2026-01-28T09:06:34,ae78dd3f-8b23-4607-ad5e-114d83eab8b5
663,116,search,/category/category,2025-10-13T07:51:31,bd210b7d-f5b3-40ab-b31b-d233c011c674
664,78,logout,/tags,2026-01-04T02:51:43,b81c5f50-8b6a-4c43-96af-3fcbb3ebf780
665,483,logout,/tag/blog/explore,2025-08-28T04:04:52,6714aea1-0fa3-4669-b33a-82a97a7342fc
666,218,click,/wp-content/category,2026-01-01T21:31:51,cadafd4a-dc2f-452c-a583-eb38cebf3ea4
667,143,page_view,/tag,2025-12-26T22:27:36,24c4e6ca-8a66-4d77-a049-315b00938d5e
668,492,signup,/list,2026-01-25T12:10:46,a1119bb1-3952-4c71-ae31-e7722bc2bdd4
669,152,signup,/search/main,2025-08-04T18:49:06,5db4d496-a8d8-4b3d-9f9a-7704adc25f16
670,462,logout,/tag,2025-09-30T09:00:23,1adac950-efe3-455d-b281-1822fd26ce31
671,498,signup,/search/categories/blog,2025-09-24T01:39:57,2c99562c-efe3-4150-8524-a1bea6bbb51c
672,458,signup,/posts,2025-04-27T21:39:23,f80aea02-65de-44ed-915f-bbf953cfff73
673,240,purchase,/posts/explore,2025-10-07T12:59:26,ae8e8200-c5c7-44b4-88c5-3b179733b490
674,70,search,/wp-content/tags,2025-10-01T10:56:49,de3a564a-8bf6-4e19-8889-94e749ef1088
675,481,purchase,/wp-content,2025-04-23T07:01:11,d9d2c703-09ac-4ba5-ab28-73e6e465aed7
676,1,page_view,/posts/explore,2025-11-28T16:26:54,d77dd689-a98d-41ec-bad4-1c9abac97a02
677,129,search,/tag/blog/blog,2025-06-10T09:49:32,a5fb9e9a-4ab7-45e0-b814-af2e81e26ceb
678,285,search,/category,2026-02-10T17:52:53,bc44cb36-d89c-468d-9674-e1779b08725e
679,160,click,/categories/tags/tags,2025-06-23T03:29:37,8bb27f15-a045-49e6-b3ad-562d58c68877
680,473,search,/tag/posts/list,2025-11-30T00:57:01,5b6047b0-1777-4760-b0ff-f474a7a3208e
681,314,logout,/search,2026-02-15T16:17:59,63f78edf-7294-4c64-a6d2-c0a78b418bdf
682,492,page_view,/wp-content/posts,2025-11-15T01:36:16,9d96d6dd-ef14-4b36-86b6-37272fcf9246
683,31,signup,/search/posts,2025-10-29T11:35:17,a9e7bb4f-a0b8-4ebf-b82b-2b9310404bf3
684,72,click,/tag/categories,2025-08-01T08:01:44,9fa6f3ea-db65-48d6-a660-f73f8abefd88
685,247,click,/list/categories/blog,2025-05-03T19:03:45,51f323e6-2126-480a-9586-cc32d64894cd
686,392,click,/categories/tag/blog,2026-01-06T00:43:22,ae7ae52a-5179-45b7-883a-5ef5a4afade6
687,201,click,/app/tags/blog,2026-01-06T18:13:11,b20c651e-0d47-4c01-9e61-df623ccb9897
688,331,signup,/list/tags,2026-02-05T00:50:01,63e12924-fe95-48c9-816c-d93f5c405fa3
689,201,logout,/blog/search,2025-08-29T08:37:07,ac4a7701-07d7-4393-89cf-106391b6aa01
690,100,click,/wp-content,2025-06-21T14:30:05,c743d9f1-2d08-413f-8ab1-71e0e6571d38
691,428,purchase,/category/category/search,2026-03-02T20:07:49,97f5d628-75ef-4169-a4a7-02798609a880
692,37,click,/wp-content/category,2026-01-15T14:55:48,a367b563-2f89-4e9b-8b4e-52fd9c83e2d2
693,494,purchase,/list,2025-04-25T17:01:48,937838f9-bd46-4b37-885f-3b06aefb886b
694,72,signup,/posts/posts,2025-05-30T07:29:43,8bd296cc-31cf-4224-b0cb-8112ddc55228
695,64,search,/explore/category/main,2025-04-04T22:27:29,53effcdf-ea7e-49ac-ae37-2e39af396095
696,379,logout,/blog,2025-12-25T18:08:43,eea21c48-fd48-4505-b8f0-9270567fd2e9
697,484,search,/wp-content/explore,2025-08-03T02:55:26,2bfed52a-9350-46f4-b7f8-01182aed0848
698,78,click,/explore/wp-content,2025-11-29T18:35:14,9ba1cbe2-879d-49c3-97e4-267e38e6b704
699,228,click,/category/wp-content/explore,2025-09-16T22:34:25,6426f2e5-b5ea-4220-8f57-cd9e1b309e97
700,345,purchase,/category/explore,2025-09-11T04:10:11,62e32fa7-f4cd-4362-834a-184284d8ec6a
701,390,purchase,/search/tags/posts,2025-12-30T05:22:48,42ff3b13-d32a-47d1-898c-cdd7ae1b3c1a
702,6,search,/app,2025-05-19T10:09:57,1eb6dd1c-9f88-4e6e-a0cc-faff4e7e9ac8
703,61,logout,/list/posts/app,2026-01-22T06:58:16,995821e0-7b31-4f54-a9f4-10c91cfa78a2
704,160,logout,/main/wp-content,2026-01-22T12:49:08,3c6bad34-94fc-412b-9567-cd27b4664f33
705,53,search,/posts/main,2025-07-24T11:16:42,1694c02c-4ebd-4823-a4ff-f7a635cebda8
706,307,signup,/search/main,2026-01-20T10:15:09,3772d3a3-1b72-4a6c-b3c9-bfa153e87b79
707,119,search,/wp-content/tags/wp-content,2025-08-14T22:20:21,f35c02fd-d88b-4a71-ba53-d4ca79d1acbd
708,225,purchase,/main/posts/tag,2025-07-06T06:06:24,9eead5de-f5b5-477f-841c-4ba30bb90921
709,421,page_view,/explore/main,2026-02-03T15:56:38,4892111c-1bee-4909-8d68-f11ca4b0190d
710,278,search,/app,2025-12-31T12:25:20,6207db63-74e5-4611-ad65-27a15a968960
711,313,signup,/categories/explore/blog,2025-09-24T09:54:04,9ae5fbbc-0f65-4cc9-8fbd-853a790f2b45
712,79,page_view,/list/posts/app,2025-07-23T05:06:24,83a64431-d83e-4704-bc29-9c682138fe3c
713,451,search,/categories/posts/category,2026-02-13T17:35:44,8eb232b8-54b5-4b05-af67-8fc82308961b
714,175,purchase,/category/explore,2026-02-03T13:51:08,6a5f09cb-81a6-43db-9564-a7bdc5de72fb
715,487,page_view,/categories/search,2026-02-03T00:24:51,b4c313eb-7e22-4d5c-a362-53032ae72b5d
716,196,purchase,/categories/explore,2026-02-14T21:25:28,a1d60cf1-8a95-40d8-8794-c44dab583656
717,58,search,/blog/tag,2025-07-24T06:29:18,c9a0a9ef-513c-4c4d-9de6-30e0cbee2346
718,239,signup,/list/search/categories,2025-07-01T07:00:08,1e605b15-e915-48f9-9d48-2c49f53fd2d3
719,300,click,/explore,2025-08-18T06:43:00,22d91b18-0680-45f3-9511-4558fc424352
720,449,search,/app,2025-03-21T16:05:28,5f5c6553-4e8d-4654-8d37-10e627ebe3a5
721,355,signup,/wp-content/tags/wp-content,2025-06-04T20:04:24,d368c594-e09b-4f17-a484-be3e2191990c
722,389,purchase,/tag,2026-02-05T07:20:08,016d0426-3556-471b-91b9-e1b1513f9d0f
723,116,logout,/category/app,2025-05-23T06:44:10,8e38440e-6cf9-4cc8-a20c-9feaa227ac14
724,53,page_view,/wp-content/main/search,2026-01-29T13:30:03,6210b734-9ded-4853-8658-c2e585123413
725,375,logout,/tags/explore,2025-09-11T13:27:55,d9b00417-f68d-4979-bfe4-c46124e1ed79
726,492,logout,/explore/wp-content/tag,2025-11-07T12:44:15,f30fa5b6-b828-4725-b0e9-8f08c9f09bd6
727,443,purchase,/tags/main,2025-03-07T11:47:50,83eb9e95-d891-4c36-9dc5-734521366a4d
728,124,search,/blog/explore/search,2025-04-01T01:07:24,d045f17e-ce2d-4215-b7eb-9827869ca44f
729,254,search,/explore,2025-10-02T00:59:38,bcaf0ee3-1b19-4829-90fc-b577cec75674
730,494,signup,/search,2026-01-23T19:42:32,9b48c6fb-333f-417b-a054-e592101b3c72
731,216,page_view,/list,2025-03-07T18:29:53,17b4e6d0-9fc2-4952-8e0b-ec8fa07d4d6c
732,327,page_view,/categories,2025-12-16T17:53:22,8503e3b7-1700-4953-a2ae-f5080213d090
733,443,purchase,/categories,2025-06-14T22:07:23,b7b10072-3436-4737-a8ff-a4907d525a4e
734,432,search,/tag/app/main,2025-09-04T04:39:52,164ba766-b4c7-473a-84c8-4c23676e34be
735,376,purchase,/tag/posts/list,2025-09-07T11:08:01,bf30070d-42a5-4f9b-9223-26bb76d9d64d
736,464,purchase,/categories/search,2025-04-26T16:58:21,923b6567-dcdc-414f-a79e-04e761003856
737,328,logout,/tag,2025-04-29T08:09:30,d111277c-82cc-4039-9719-944c9e5d531a
738,169,signup,/blog/category/tags,2025-06-06T15:34:46,0d97bade-647a-46e9-9a2d-0d7abac432f8
739,342,purchase,/list/blog/explore,2025-11-10T16:13:15,7508e10c-1035-4dda-acf0-c77d7801792b
740,183,page_view,/wp-content/tag/blog,2025-05-28T09:34:12,9522496e-a7c8-49be-9082-140aed00e657
741,7,page_view,/app,2025-07-09T13:21:16,939f3536-27ba-43dd-ac2b-d5a32e89bdbd
742,366,signup,/list/wp-content/category,2025-05-10T12:05:53,6d566dcc-bb99-4df7-99ce-afeef4914ab0
743,125,logout,/tags/tags,2025-11-08T17:01:56,8cf7fbd8-8d9a-48d8-bc7c-53724d9e6b9f
744,254,click,/search,2026-02-16T06:22:43,5d1af023-a73f-4524-9339-eb182aa3ed5e
745,303,signup,/explore/posts/list,2025-09-30T19:09:25,f08fecf7-8e52-4adc-91f8-deb6340407f4
746,341,purchase,/search/main,2025-12-11T11:57:48,be60808d-bcb3-4076-b688-f76ea504ee5a
747,54,search,/wp-content/posts,2025-06-25T13:59:54,922febcf-0501-479e-b120-40083f444245
748,250,logout,/search/search,2026-01-13T21:19:51,9c7871de-7f84-4eea-8661-e011f3fce192
749,311,logout,/blog/wp-content/tag,2026-01-19T08:48:16,7054ef5f-950f-4eff-9c51-36e4d912d963
750,193,logout,/wp-content,2025-10-12T18:58:34,297eb3ce-11e3-4175-b0ad-20702ca0ed97
751,266,search,/tag,2025-06-08T17:54:54,77f05674-988c-4047-a6ac-b189aaae3222
752,196,page_view,/list/blog/wp-content,2025-12-04T22:44:52,236603b4-53ae-422e-9147-b235e537cd52
753,309,page_view,/explore/explore/categories,2025-04-24T18:23:05,acdb425c-cff4-40eb-8730-24e4263490a1
754,303,search,/wp-content,2026-01-07T01:56:27,ca63d3d0-baad-4da4-a5aa-6c065d433dc2
755,489,page_view,/list/categories/wp-content,2026-02-11T02:05:12,8de0b52a-c2d0-4f1f-83eb-756f0b62192a
756,295,page_view,/tags/explore,2026-02-11T15:38:18,8183abc0-80e2-4d04-84c4-8ac07731b193
757,61,click,/tag/blog/blog,2025-12-10T10:24:36,aad74fe0-5f48-487e-a0e6-60c2b477caf7
758,185,logout,/category/wp-content/categories,2026-02-26T23:35:32,ec2c1148-d67d-4117-8c77-15050f95e5dc
759,345,search,/search,2025-03-11T18:03:37,3c7d53a0-4d56-4834-ba5d-8ae747338a26
760,463,logout,/tags/posts,2026-01-31T03:22:31,1c06efa6-521b-41e4-92e7-fc57cb53e1ae
761,216,signup,/app/list,2025-05-07T07:46:55,ba5b70e7-df3b-435c-b5c5-edf0f43f847a
762,368,search,/list/list/app,2025-05-01T23:15:21,c77afed5-2adf-4941-93c2-9f31a495dbf9
763,21,purchase,/explore/blog/tags,2025-04-09T22:23:52,46f58ae6-7a5c-48ca-b2e7-25204d83b055
764,332,signup,/list/categories/app,2026-01-18T17:42:22,9398ba02-0141-41ae-a962-2f9d3242daba
765,437,signup,/explore/app,2025-11-26T17:39:39,9bd39476-17ca-45a2-bff7-2b2097eea179
766,294,logout,/wp-content,2025-08-06T12:24:51,bb5452fd-26a3-461b-a21f-56b20c650576
767,20,signup,/main,2025-05-24T12:08:13,afd13425-dde2-434c-9e3a-7063284baa23
768,417,search,/explore/category/posts,2025-04-28T05:57:38,c578f4f4-9b18-476a-9d7b-83630db26722
769,382,signup,/blog/main/category,2025-04-14T14:31:47,0ab6c155-2e42-4010-a9cd-10722127130e
770,343,page_view,/posts,2025-12-10T06:55:34,b9167c61-22d0-4779-b24d-3c00082bbc6f
771,111,logout,/tags/explore,2025-12-25T03:44:01,32acf022-3fa9-46f9-aeb1-ecb97008f9e0
772,93,page_view,/blog/wp-content/search,2025-05-18T18:10:52,3559d3c6-565a-4822-a15a-443c6e73699b
773,323,purchase,/app/wp-content/tags,2025-11-18T08:03:26,855fc748-c6d2-43f9-8d2c-d22dcfaeaf3f
774,51,purchase,/wp-content,2025-12-26T20:49:12,19b7a8e8-2d17-434a-8834-19b1c8f5d39e
775,472,signup,/category,2025-03-13T20:08:06,65108b6f-aedb-4272-8ef2-6cacca32c1eb
776,411,page_view,/categories/explore/list,2025-10-14T21:10:50,227763f8-fb63-4b0b-939e-a196aa386ce6
777,374,signup,/posts,2025-06-24T08:49:34,d709acc3-0461-444d-a0f9-85d86025cf7c
778,435,purchase,/wp-content/list/explore,2025-07-18T22:28:27,ca7d60a1-d6f3-4b49-a168-2935b8b91656
779,184,search,/explore,2025-12-15T20:19:43,ee426792-ce2c-46df-8051-01e5a7b85447
780,177,purchase,/explore,2025-11-19T00:53:51,20d1eef1-5861-419d-98a0-be4c91a17855
781,499,click,/tags/posts/posts,2025-06-01T21:37:39,24522ef6-1e5f-4e58-b427-eefaf808e17a
782,142,signup,/wp-content/explore,2025-10-04T11:59:46,632a992b-5ddf-4f80-8a25-cd95539e9c1f
783,402,page_view,/posts/main,2026-01-27T16:56:52,132fdba1-f106-4955-8265-3ccf06ec3c00
784,167,signup,/posts/app/explore,2026-03-01T06:25:21,5ca0678b-1f84-42fb-ac26-53260dc6d899
785,358,search,/main/wp-content/tag,2025-03-28T10:35:17,0fbfae31-9e92-4f50-995c-712f2a9608bd
786,135,click,/blog/explore,2025-08-19T11:44:49,05bab8a1-973f-4fd5-9ca9-b10a6d1b5e96
787,108,logout,/wp-content/main,2025-06-22T07:17:40,e6afcce9-f1f5-4294-a66c-93f287f2b581
788,395,logout,/tag,2025-07-07T01:49:09,2899e850-dd32-4854-b3f2-33b742d4f31c
789,332,purchase,/tags/app/blog,2026-02-04T12:24:26,0f038aaf-3fec-4bfa-884a-40524913a18b
790,380,signup,/app,2025-10-30T07:16:57,67d17836-e7b4-438b-a871-690e5cf9cefa
791,386,purchase,/categories/posts,2025-08-27T08:30:24,c96e517f-e49e-4f6e-ac56-1f785e5a590a
792,400,click,/tags/category,2025-10-20T04:48:42,5918a225-ff7f-44ec-8743-eed3ad545be9
793,433,signup,/search/list,2025-06-08T14:15:47,1b3eaba1-d771-4446-bac5-32884053f74e
794,439,page_view,/category,2025-08-31T08:15:04,0b4baf23-1c4d-4cfd-80b3-0bda6f26bd7c
795,171,purchase,/app/main/posts,2025-04-21T15:31:32,ce5c5b20-06d2-4bde-b50c-559f09ea3c35
796,316,logout,/posts/categories/main,2025-08-06T20:02:47,1708f96e-f176-4fbd-8371-14e346b3138a
797,379,click,/main/categories,2025-10-02T10:23:18,cff54357-18f1-401e-8450-6864035c6c48
798,163,purchase,/blog/tag/main,2025-03-16T20:34:51,f9653f72-1bb1-4a48-b844-5438de519932
799,52,search,/blog/tag,2025-05-19T22:31:37,73f56452-6899-4584-8ade-0b418224153c
800,47,search,/search,2025-03-25T22:41:40,550714a7-3aac-4179-b66e-58a876421a9f
801,208,purchase,/app,2026-01-14T18:09:01,f84fe7ef-5c72-4f34-89a8-5d9edec756ca
802,319,signup,/explore/tag/wp-content,2025-08-07T14:29:24,3251561e-b43d-4643-9d3c-98592ccb87cb
803,328,click,/app,2025-10-10T11:52:20,881cf24c-5953-45d4-ae85-96076f627524
804,388,signup,/blog/tag/blog,2025-10-22T13:05:03,345e2b37-0799-4fbc-bf05-44ca40f6754a
805,104,purchase,/blog,2025-03-07T03:25:15,abc9fbb3-fff0-4027-b2ef-5b5d55717909
806,439,search,/posts,2025-08-08T08:47:02,eb617b74-cf53-4189-9294-f5a82815eb62
807,249,purchase,/explore/list,2026-02-13T12:28:51,261f32ea-d2bc-4804-afd2-b47164c48c04
808,173,signup,/tag,2025-10-18T06:26:05,d4a84c96-3d94-4afd-864d-3a8d1067308a
809,459,purchase,/explore,2026-01-30T13:59:27,0ebd9eef-0836-42d1-84db-e9aa7999d29e
810,387,click,/category/tag,2025-07-03T15:28:53,96dd4b80-a078-4e8f-9490-9f0af70f8b81
811,492,click,/main,2026-01-07T19:22:06,96a8df54-726a-4844-8cf2-a69a1dd19a42
812,166,page_view,/tags/main,2025-06-11T00:13:45,a7b4d7c9-bfbf-4315-8507-a453098fd17b
813,58,click,/tags/categories,2025-10-05T09:48:12,901b938f-b703-4e19-920f-65b31164d2e6
814,298,purchase,/list/tags/search,2025-03-06T04:40:49,ff5b2d52-aaef-4591-bfd1-80e550a6eb22
815,466,logout,/app/posts/app,2025-10-28T03:17:04,cece12fc-09b3-4bbf-8078-53919bdd8ac3
816,359,search,/search/posts/posts,2026-02-28T21:48:29,9b29f76e-c888-4b2c-a51e-bbd2e99e9370
817,287,purchase,/explore/tags/tags,2025-05-21T04:08:54,af665d67-7063-40c4-971f-0676769767b7
818,388,logout,/categories,2025-07-31T11:01:40,4ae8e236-bff9-43b2-8e79-89829a5d5ace
819,276,click,/categories,2026-02-20T16:20:50,260027aa-197d-4ceb-b498-816e61cb03f3
820,204,logout,/tags,2025-06-24T08:17:10,7ada31a6-7c2a-4ca2-8c92-1749f3da143e
821,357,page_view,/search/wp-content/wp-content,2025-07-08T04:42:13,bca9eeba-35ff-4d0c-aeda-17d56fd8440a
822,102,page_view,/explore/blog/tags,2025-10-17T09:09:12,fee44434-1d2b-41d0-a976-d79f9186c2a1
823,47,search,/tag/app/blog,2026-02-21T20:15:48,6e480e95-e228-43f8-aa46-cb32439cf4f8
824,307,search,/main/wp-content/app,2025-08-30T22:53:33,d820d362-8a61-41ae-a771-8e1bd1df4ff0
825,208,purchase,/main,2025-04-08T14:13:14,288a2e51-d74d-430e-8e0f-6619692661f5
826,75,search,/tags/app/posts,2025-11-03T19:42:32,ee4ebb16-d980-4784-9857-08fa426e08b6
827,175,logout,/explore/posts/wp-content,2025-11-25T19:02:10,9251eafe-9d7e-4e48-803c-aa32b3aa475c
828,182,signup,/tags/list/posts,2025-08-26T05:32:19,1ca931d9-e5bf-4379-a587-f6a0e69cf4c8
829,69,signup,/tags,2025-03-13T17:22:24,80ef2ccf-8999-4812-9616-76fcbb1ffaf4
830,54,search,/tags/search/tags,2025-03-16T21:04:54,121374ec-d9f5-4388-9202-5cd5d0b8bcbb
831,418,purchase,/explore/list/search,2025-04-27T16:57:50,7387d450-1ec8-4ceb-8201-526f2924b472
832,315,logout,/categories/blog,2025-06-03T13:28:11,f8f703ec-70bb-434d-bb9c-73769232cc60
833,498,page_view,/category/explore/categories,2025-03-28T23:41:18,8a43aa23-426e-42f9-8693-d01acfd6bb31
834,166,click,/categories,2025-09-05T05:20:07,17fc87fd-aaa5-4056-b928-913d51f88167
835,227,page_view,/search,2025-07-30T16:39:13,987e828b-4caf-4e2b-95ca-f379903ce3b1
836,126,logout,/main/tags,2025-04-06T15:42:27,e417eadf-82ca-4ac9-a867-9c72ef245e07
837,80,search,/blog/tags,2026-01-06T09:26:25,6c68d37a-aba0-44bd-9993-28992a545726
838,141,page_view,/list/main/blog,2025-08-04T07:08:48,ab9737ef-ffc1-4e7b-b17a-273b941eddf9
839,254,click,/tags/app,2025-03-21T18:30:44,b6a033e6-3ab5-48d0-9ac9-c4d496be541b
840,427,search,/category,2026-02-19T09:05:00,94bac2b5-ca45-44d1-96a3-ce4eca5c4c4a
841,113,click,/main/tag,2025-09-13T00:11:41,3f843c8f-a46f-47b5-8d45-e921e64b5523
842,449,click,/tags,2025-06-23T08:38:04,b0e0d156-cef8-4a52-a4cd-a3b9ac97e067
843,226,search,/categories/search/category,2025-04-15T13:51:46,94bea0bd-75d2-4173-ae56-aea4c76e8e04
844,416,click,/blog/category/search,2025-03-22T13:27:36,6bf01ba6-ed1d-4817-9ad0-afdce2801ef0
845,75,page_view,/tags/list/category,2025-10-03T08:59:55,ef80a189-43cb-4d06-b869-2e433fa7d954
846,152,click,/tag/search/categories,2025-05-02T22:18:55,2727aea4-02f9-4785-b1a6-792510941b53
847,494,page_view,/category/category/main,2026-03-02T12:33:01,3e3f9b1e-c292-45fd-947a-b5845b06b98e
848,440,logout,/category/categories/main,2025-09-16T04:24:48,ca127556-f5cc-486b-92e9-2aa7f7b8a5e4
849,248,signup,/category,2025-09-28T15:30:24,80768a77-b25a-4225-885f-40aa666ef491
850,213,logout,/posts,2025-03-20T23:26:06,fc29c667-2330-49c9-af97-aebde15d9642
851,283,logout,/category/main,2025-12-22T09:57:37,93645e43-9a18-46bb-b1f6-f1a886f73047
852,99,signup,/categories,2025-03-13T14:02:01,16d49f2d-103b-42ed-9540-d6f59f8c9841
853,96,logout,/app/explore,2025-04-17T21:12:09,fe8544e1-c1b6-4800-a564-2b969624ba9d
854,298,signup,/wp-content/tags/explore,2025-11-08T14:36:15,d21c922a-ffa2-4f47-a9ca-6e42d09ae2dc
855,322,logout,/explore,2025-08-10T05:31:11,79a0d586-369d-42ef-bb8e-e0e01ba34c18
856,455,signup,/category/app/wp-content,2025-06-09T13:49:27,523b505c-4127-4bb7-ab19-071b0b35e0a1
857,383,purchase,/categories/category/posts,2025-12-02T00:01:57,5c3dae7b-2a63-4401-a8f6-6646059d42e6
858,362,purchase,/posts/tag,2025-06-14T20:11:16,6dcd8d43-18ec-4e05-9dc4-805f1fe3c69c
859,412,purchase,/tags/list,2025-11-30T17:06:51,c9a692f0-073b-478d-860a-a7f94a05e06d
860,221,purchase,/category/list/tag,2025-12-17T12:53:43,ee6d7a27-e95b-4b7b-a585-fc3d7bf7202e
861,187,click,/app/categories/blog,2025-10-21T22:02:57,8bef5d54-c0c5-4495-92bf-804e89ca1b26
862,164,logout,/app/categories/list,2025-03-06T03:02:46,d554fadf-7633-4d1d-a694-940dddc5c146
863,183,page_view,/main/search/tag,2025-08-12T16:25:34,1ac62a63-feca-4f41-9908-d31984584019
864,491,search,/tag,2025-11-01T19:01:52,a0683570-64ff-4d41-ab4b-3bd82f49056a
865,69,purchase,/explore/categories,2025-10-30T10:22:03,ce052ac8-9e0e-4cdf-89d4-d409a9c55ff9
866,441,search,/explore,2025-10-16T22:57:12,8caf728a-9e58-48b6-b24c-77826554f48c
867,127,logout,/search/categories,2025-10-11T07:21:15,dde22a23-e47c-466a-b04d-ee794ff6308a
868,297,click,/tag,2025-07-15T04:09:13,50452f2b-fa98-40cf-82df-3d68969e3fde
869,50,logout,/app/main/main,2025-10-23T16:33:37,d8460625-0eff-40c1-ae3a-9584adf538fc
870,363,signup,/posts/explore/wp-content,2026-02-28T17:01:46,0b63981e-b1dc-4a91-a39f-95a161a9529d
871,275,purchase,/main/tag,2025-08-16T02:17:12,3a21356c-0fd6-4618-ba6b-295caec9c199
872,54,logout,/categories/posts/posts,2025-05-24T11:10:00,692981b1-3fa1-492a-907b-bb8e6bd6f684
873,117,search,/tags/main/categories,2025-07-10T06:25:22,61050668-0e49-4743-9978-6dc15f54d82d
874,179,search,/app/app,2025-11-14T19:25:38,ce972144-4d17-494c-9288-cbf5a6bd63a4
875,360,search,/category,2025-09-26T23:42:52,2dce3207-400e-4540-9492-ba69f8a5764a
876,500,logout,/category,2026-02-25T12:13:42,aeb25152-6002-4d7b-bfa6-df2160578624
877,421,click,/posts/blog,2025-10-07T05:46:33,7f5c62cc-6e6c-4c64-af56-21b19d07285b
878,239,purchase,/app/posts,2025-06-14T19:42:14,ca5e6705-d1f8-4fcf-83ac-c634296da4cd
879,295,page_view,/search/list,2025-09-11T07:52:18,899ac6ce-5704-4899-b16e-be56c19aab0f
880,236,logout,/posts,2025-08-27T00:33:45,c49c0042-4efb-4227-b3f7-3d69c85305f9
881,225,signup,/explore/wp-content,2025-09-17T16:39:41,6cd6b9e1-0765-4c22-9bcd-e988ce25d281
882,303,signup,/search,2026-01-31T20:38:04,cc86ac85-4212-473f-9e99-7f0dc84042f9
883,34,click,/list/posts,2026-01-30T19:00:40,6b32264f-c53a-4da2-af2f-f254a22f3da5
884,12,logout,/blog/app,2025-08-06T00:01:33,9bb5a052-9a88-462a-9581-2914a1f3a5bc
885,230,logout,/wp-content/app,2025-11-29T20:24:13,29071205-6ced-484e-acde-5588ee920236
886,333,page_view,/main,2025-05-11T22:43:39,f699734e-2e58-457a-8b4a-f20d26f3af26
887,459,purchase,/tag/list,2025-11-29T12:32:49,66b768bd-4f84-4c31-b954-af2da819d4b9
888,245,search,/tag,2025-10-29T04:35:15,1a89383c-071a-4d53-a3e0-7207113cb009
889,76,page_view,/wp-content,2025-06-22T02:55:50,17a0fba1-1994-4293-bbc6-423eb58a4321
890,350,purchase,/list/list,2026-01-15T15:28:46,cc007490-888d-4c51-804e-b634f4e0270e
891,34,search,/tags/explore/app,2026-02-19T06:26:02,1bbcaf45-03d7-455b-896f-07e5fabbd975
892,142,logout,/tags/explore,2025-09-07T21:34:48,8f0f7109-fddb-4b80-be99-cb58b601efce
893,130,search,/search,2026-02-07T16:30:21,98744952-93ed-4b5c-ac42-76b214420114
894,15,search,/tag/posts,2025-03-10T07:24:54,72349df0-45f0-4f1c-8d4a-3c8eee550e96
895,307,signup,/explore,2025-08-10T16:25:02,2a031bf9-da4d-4948-835b-fa43cae322c3
896,221,search,/posts/app/blog,2026-02-25T03:01:54,875cf067-3432-427f-8db0-4a2c2a24cab7
897,392,click,/wp-content/posts,2025-09-06T22:28:42,58810e2d-6e19-4773-ba5c-a1bc579729e8
898,203,click,/tags/category/posts,2025-03-23T16:44:00,f9449817-59b0-4399-8dd9-ff6876117bbd
899,339,signup,/wp-content/explore/explore,2025-05-11T21:59:12,abf7c028-1f97-4761-a0bf-262b4f4c9fe8
900,159,logout,/blog/wp-content/search,2025-06-11T08:37:43,fadde398-c09e-413e-8c02-ae535cadf1a9
901,357,search,/app/blog,2025-08-18T17:14:56,5e0fb618-a71f-4b37-8e35-7338412498f9
902,156,purchase,/tags/category,2025-04-30T13:56:58,e14b400f-d873-46e9-b262-188fdeafd27f
903,120,logout,/main,2025-04-28T08:50:15,ef4588c3-2777-47dc-b18c-6ee8f1c86a37
904,409,logout,/explore/search/categories,2025-12-27T06:02:48,7dc2c940-fa26-497a-bb20-fea4bc89e2fe
905,485,signup,/explore/blog/explore,2025-08-27T01:45:48,65ecc39c-c607-4cb1-a6b3-1a27703a382b
906,74,logout,/search,2025-11-18T02:02:18,adb35ea8-a43a-4eda-a522-f92f4b20d6a2
907,349,logout,/main/wp-content/wp-content,2026-01-22T08:53:59,af61997d-6127-4e64-89f5-15e08e1a4d7d
908,162,page_view,/main,2026-02-16T16:00:14,033ac676-b6d6-4920-9a87-8212798816f2
909,498,logout,/categories/posts/app,2026-01-03T12:13:59,d3a2b6cb-3f37-43af-b65a-5aa363140fcc
910,28,search,/category,2025-07-10T18:30:58,087fcdef-31c1-43f3-a2a5-c00cb6fa6472
911,387,purchase,/tags/posts,2025-06-02T03:58:36,80c750d4-8b9a-4113-b81c-9d0b53332e5d
912,301,page_view,/category,2025-11-02T09:46:16,d9077c2d-54bd-4e61-babc-666ce4cfb2f3
913,397,page_view,/category,2025-03-09T14:35:39,dcfc2b72-ebbb-4e74-9b9b-4d430927d2fc
914,315,page_view,/posts/blog/categories,2025-12-07T18:11:56,79633f34-70c7-456a-a576-796ddf61dbe1
915,272,signup,/search/list/list,2025-07-17T03:16:24,410cde46-4762-4c23-ac18-9303fd28750f
916,374,click,/explore/explore,2025-06-14T15:14:53,d36b06cd-0db1-465d-ad70-799e430b1057
917,376,click,/wp-content/categories/category,2025-03-30T15:14:06,37aa530b-9e9a-4e83-9a4e-f6fc79a0e727
918,128,logout,/blog/categories,2025-03-11T01:35:12,c17264d8-a6a2-4998-afad-738ea44c26d4
919,397,click,/blog/wp-content/tags,2025-05-01T03:23:09,80994da1-f5d9-4b55-b4dc-bf138960a41b
920,428,click,/tags/list/blog,2026-01-11T05:24:23,6cf322ab-944b-4d04-9161-cc6c9f41dfcf
921,16,search,/categories/posts/list,2025-12-26T20:34:43,4e5aef22-0f98-4297-994e-4303b0cb27f3
922,476,signup,/tag/blog,2026-01-24T06:37:51,d6f99298-4634-45f6-9aca-9cf67ab61c3c
923,374,page_view,/blog/search,2025-06-03T08:00:07,dca21033-16ec-44b5-8f6a-d43f09536c4a
924,170,page_view,/explore/categories/explore,2025-12-05T22:33:08,21d7ef88-448e-4408-acce-bc8640ac9243
925,49,signup,/blog,2025-11-11T22:45:59,29a8f004-7314-4dae-97a7-0f9d39f44feb
926,294,search,/wp-content/categories/main,2025-04-17T19:11:02,8cb98201-a8d7-45bf-a564-ee98fc3e9ed1
927,486,search,/app/explore,2025-05-05T00:53:54,35c87983-910b-47f9-a1ae-25a6f1966b21
928,199,signup,/blog,2026-02-04T16:52:44,b6315c55-0ca3-4980-ac95-575283c2539c
929,196,search,/categories/wp-content/main,2025-03-22T09:52:01,2f63a62d-03d0-4c19-9df1-f0f5d0f36c28
930,243,click,/wp-content,2026-02-13T06:12:34,b110f489-1022-48a1-842a-c25f008a7385
931,434,purchase,/category/tag/main,2026-02-21T10:39:44,a1a20f5e-d75d-4d7e-8207-40e707a1012a
932,94,page_view,/blog/categories/posts,2025-09-07T18:16:53,02de4556-1f27-48b5-a2e0-3868b7017485
933,160,purchase,/main/search/category,2026-01-08T11:44:14,ead22702-0fcc-488e-89ec-6e3217caf26b
934,91,search,/wp-content/categories/explore,2025-11-12T09:44:52,15c5fe34-f183-4345-a422-9f143e74ba44
935,221,purchase,/categories/app/tag,2025-08-15T13:46:42,db30e078-c435-4ad5-8046-75c7c87533e5
936,256,page_view,/tags/wp-content/search,2026-02-04T11:28:39,d501b8d7-50ff-44bf-96b5-25c7fb81519b
937,95,purchase,/posts/app/wp-content,2025-12-30T06:13:56,d5d64a82-7500-46ef-8453-ab6dfe9d21c3
938,206,click,/list/app,2026-01-16T10:54:21,5455213b-f186-4d89-8769-1dcbd0c9dfc1
939,117,purchase,/tags/tag/app,2025-03-12T14:38:30,6f97e80c-0bcb-4729-b064-6038e7270909
940,332,search,/explore/blog,2025-08-15T22:33:19,0356b6fe-12e6-4e97-978f-1dd744c7b976
941,42,purchase,/category/category/list,2025-12-05T08:26:32,e44d9a28-d739-470f-b43e-9061171da81d
942,232,page_view,/category,2025-03-05T15:14:49,52ed2487-8aa9-439a-b26f-f6fdcec98bf1
943,269,purchase,/categories,2025-10-29T12:28:01,976b5158-ea93-46f6-ac22-1123d164d651
944,11,logout,/posts/tag,2025-09-24T01:14:57,c5e3b186-5e06-4732-83d9-f3179d7c24ce
945,32,logout,/posts/tag/categories,2025-06-27T06:37:14,88c79c98-60bf-484e-a40d-383a8dd064e3
946,31,search,/categories/tags/main,2025-10-26T17:29:44,87280662-03f2-4fe0-88ef-f82f75887389
947,192,page_view,/blog,2025-08-20T08:30:20,e5d0111f-8521-46cd-8e30-0e9c8edb0ef1
948,87,page_view,/categories/tag/explore,2025-11-16T11:57:08,9d470a35-c816-4c27-bc3c-4c2fa40e0199
949,494,logout,/tag,2025-03-16T22:00:19,6dc2d7db-9763-4e6c-8d87-a06a5ef993c3
950,7,page_view,/tag,2025-08-28T03:42:49,745830d6-91c0-46c0-93d9-4ad0d8095e6d
951,168,signup,/app/tags,2025-04-23T03:34:20,21f8b225-1644-4645-b17a-035505b3f116
952,157,page_view,/list/posts,2025-07-22T05:59:32,a18d218d-f6a0-401f-9969-c458745d8729
953,410,logout,/categories/posts/wp-content,2025-03-10T17:24:43,8da4ced1-1423-440d-ba4f-a66c4d7f6dfb
954,289,purchase,/posts,2025-07-26T03:32:40,12a59eaf-f0d4-4d0c-a3a2-9fe4ef3cfc8f
955,440,page_view,/category/categories,2025-04-19T18:14:36,4a7109c6-74f8-4694-bc95-9cad75e7f531
956,490,click,/main/blog/tag,2025-08-01T13:49:40,131ad6fa-c8b8-4c6c-af54-2dc69a24beb8
957,97,search,/blog,2025-11-21T09:02:33,8d2a3e18-a51d-4a23-95b4-83b6cc1791f8
958,318,signup,/category,2025-04-09T17:03:25,671ebf8e-979b-454c-b678-19ff9bca0ac2
959,94,logout,/categories,2025-06-16T10:17:40,9a68990e-2412-447e-a9a7-f0412d519614
960,112,purchase,/category/tags,2025-08-26T12:03:09,e1b340ee-b506-4a35-8fa8-5cc80dab4428
961,50,search,/blog/category,2026-02-23T20:30:59,8db5975f-d2c4-47bd-9af0-bb9521c390e2
962,468,click,/blog/category,2026-01-22T16:40:55,6f63def8-51a7-4445-8b9d-7654d5c31b18
963,308,purchase,/main/list/main,2026-01-27T00:22:32,d49bf21a-7f37-48f7-9dfe-c77cdea0f4f1
964,294,click,/explore,2025-10-14T03:24:24,0cbe735d-bbfc-4897-b027-1efc049fb2fd
965,457,signup,/list,2025-08-07T02:11:56,e6028d06-b441-4695-ace3-21fd3834e80b
966,362,click,/category/explore,2025-08-30T09:59:46,22d1b5fa-d3c8-4cca-b615-ede42bf30743
967,260,click,/list/tag,2025-05-13T00:03:20,8f5b8149-eb67-412a-a9b7-6b3780cb135d
968,417,signup,/search/blog/posts,2025-03-06T23:36:04,8529e74f-7c48-43d9-96c6-0b3d0ef40214
969,16,logout,/explore/posts/wp-content,2025-11-27T12:59:24,3d88eb62-73df-4a11-b792-57a3430679d8
970,20,logout,/wp-content,2025-08-15T00:13:05,ef180725-f10c-48c0-a3b5-5bfb128e92ad
971,455,page_view,/explore/posts/category,2025-09-08T00:05:47,59f7771a-c94b-48d2-8f15-36da10df8c94
972,414,purchase,/tags/posts/app,2025-04-19T03:14:17,0043384a-f987-4ca6-9f2e-621e930951a6
973,479,purchase,/wp-content/tag/posts,2026-01-16T00:45:49,2f991807-50a2-4011-960f-79f3a82d0a46
974,56,purchase,/app/list,2025-12-18T21:49:18,d1230280-f26e-4f2e-ba37-b9075cdbb28b
975,350,click,/app/categories,2025-05-21T12:57:49,122533fd-765e-4ce8-8867-6b2a0b39c366
976,303,logout,/tags/blog,2025-03-06T19:22:31,e7f2f49d-41a5-4d1f-bbde-b381f4fcb6bc
977,86,page_view,/posts/tags/list,2025-10-13T22:33:31,b61cc55b-8fd0-420c-8ff0-2a31c9035d4c
978,255,click,/blog/wp-content,2025-11-10T20:19:00,859b6ee4-9146-4391-8c25-9a1b240eb222
979,309,click,/category/categories,2025-05-26T20:55:37,58389bc7-6981-4678-9b82-b67ddd7e0ae6
980,314,purchase,/posts,2025-06-12T20:43:41,c417fe56-78e3-4d35-b4e0-740f476e6a06
981,481,signup,/categories,2026-01-23T19:39:01,9fd90541-f597-4e00-968d-1defbb926370
982,476,search,/categories/main/tag,2026-01-11T13:30:01,15280e7c-89d5-4178-8f99-8da34f942b3e
983,281,signup,/explore,2025-12-30T09:30:30,5510f786-4200-4a56-8917-f2d6121aeb14
984,402,signup,/wp-content,2025-07-19T15:26:05,9c5bad2e-a9fb-4b54-8fbd-2cfdc651a34f
985,484,page_view,/wp-content/wp-content,2025-09-02T21:04:47,f887ac21-369d-4be1-8bf9-1d08e47472d0
986,343,logout,/category/search/posts,2026-01-18T23:21:57,eb1c0430-df11-4270-965f-86873df0ddc0
987,34,purchase,/categories,2025-09-26T19:51:49,45e3e268-dcae-4dcd-a7d7-78730f7b5245
988,127,purchase,/tag/blog/tag,2025-10-19T11:41:26,b7be51df-fd5e-4636-b812-4f7f8c46b173
989,73,click,/list/explore,2025-09-16T12:18:28,f7b96b0d-4dbb-4559-8c12-d6ef31fab84d
990,492,signup,/tag,2026-01-09T18:53:25,fb3cd9c8-ebcf-481a-a1f3-b7803a5479ea
991,97,signup,/explore/search/list,2025-09-30T19:25:23,0d9630be-5580-485a-94b2-79cd0c248f00
992,22,purchase,/posts/explore,2025-12-03T16:38:07,72f0b90d-5c2f-4996-a4ba-aea10cd4ba10
993,31,signup,/category/app/explore,2025-05-05T22:42:11,baabf7ec-2eca-49b7-9087-ba7334bbc278
994,416,search,/posts,2025-03-18T05:30:14,e6fe01cc-5553-431a-afd9-d09a8a74a19a
995,363,logout,/main/tag,2025-12-01T19:25:22,aa846060-070d-4ea0-bb09-e7634f39a47f
996,51,logout,/main/wp-content/explore,2025-04-12T21:37:35,f0ffd6b0-81ec-434f-8766-978e76737d16
997,47,search,/main/explore,2025-03-12T10:27:39,4b80a8c6-ce31-46c3-941a-cd27246f5c1d
998,336,purchase,/explore/blog/app,2025-12-02T22:04:49,06174c62-a243-49ab-ab0e-817c2d598b9d
999,467,logout,/blog/category,2025-06-03T19:42:53,eea28810-eb7f-403e-914c-70b750ac2a6d
1000,289,logout,/blog/app,2025-05-12T19:24:22,152b5e5f-e499-4ab5-802a-99b2ff8abfc0
